brand,generic,unit_purchase_tzs,selling_tzs,category,form,import,notes
10cc,10cc syringe,125.00,143.75,consumable,,true,
21st joint support 30's,joint support 30's,18620.00,21413.00,Vitamin / Supplement,,true,
2cc,2cc syringe,70.00,80.50,consumable,,true,
5cc,5cc syringe,75.00,86.25,consumable,,true,
AATROGYL 200MG TAB,Metronidazole 200 mg Tablets,14.80,17.02,Antibiotic,,true,
ABBORI ear drop,Boric acid ear drop,990.00,1138.50,Antibiotic,,true,
ABCHLOR drop,chloramphenicol eye drop,330.00,379.50,Ophthalmic,Drops,true,
ABITOL 10×10 tabs,Cyproheptadine 4mg tab,54.00,62.10,Antihistamine,Tablet,true,
ABITOL SYRUP,ARBITOL SYRUP,2100.00,2373.00,Vitamin / Supplement,Syrup,true,
ABNAL nasal drops,Sodium Chloride 0.90% Nasal Spray,1400.00,1610.00,Corticosteroid,Drops,true,
ABPARA IV,Paracetamol1% iv,1800.00,2070.00,Analgesic,Injection,true,
ACEFEN 1×10 tabs,Aceclofenac 100mg tabs,45.00,51.75,Analgesic,Tablet,true,
ACICLOVIR CREAM 10gm,Aciclovir 5mg w/w cream,1500.00,1725.00,consumable,Cream,true,
Acne free cream,tretinoin 0.5mg cream,8300.00,9130.00,Dermatological,,true,
ACRASONE 10GM,Acrasone cream,3000.00,3450.00,Antifungal,Cream,true,
ACTION 2×50 tabs,"Aspirin, paracetamol,and caffein",61.00,70.15,Analgesic,Tablet,true,
ACYCLOVIR 200MG,Aciclovir tabs 200mg,95.00,109.25,,,true,
ADACLIN GEL 20GM,Adapalene & Clindamycin Gel,8500.00,9775.00,Antibiotic,Gel,true,
ADERAN 8mg 30's tabs,Candesartan 8mg tbs,256.67,282.34,Antihypertensive,Tablet,true,
Adol 125gm suppository,Paracetamol 125gm suppository,5250.00,6037.50,Analgesic,,true,
ADSONE 20GM,Mometasone 2% cream,8800.00,10120.00,Analgesic,,true,
AKSONE 1'S,Ceftriaxone 1gm iv,680.00,748.00,Antibiotic,Injection,true,
Alatrol syrup,cetrizen hydrochloride syrup,990.00,1138.50,Antihistamine,Syrup,true,
ALBASOL syrup,albendazole syrup,500.00,575.00,Antiparasitic,Suspension,true,
ALBEN 200mg 1×2 tabs,Albendazole 200g tab,270.00,304.75,Antiparasitic,,true,
Albendazole 200mg FILAZOLE 1X2,,290.00,334.00,Antiparasitic,,false,blank-generic
albendazole suspension ABZee 10mls,,630.00,725.00,Antiparasitic,,false,blank-generic
ALBENDAZOLE SUSPENSION ANTHEL 10MLS,,680.00,782.00,Antiparasitic,,false,blank-generic
Albendazole suspension FILAZOLE SUS 10mls,,630.00,705.00,Antiparasitic,,false,blank-generic
ALEPROPEN 2.4 1'S (PENADUR),Benzathin penicillin,650.00,780.00,Antibiotic,Injection,true,
ALGIC P 3x10 tabs,"Algic P (Aceclofeac, paracetamo)",165.00,181.50,Analgesic,Tablet,true,
Alopron 100,Allopurinon 100mg tab,13700.00,1569.75,Psychotropic,,true,
Alopron 300,Allupurinon 300mg tab,8150.00,3163.00,Psychotropic,,true,
ALPHACLAV 2x7 tabs,Amoxclav 625mg tabs,3900.00,303.93,Antibiotic,Tablet,true,
ALPHACLAV DS Syrup,amoxyclav 228.5mg/5ml syrup,5000.00,5750.00,Antibiotic,Syrup,true,
ALPRIM 100mls,Cotrimoxazole Susp,1100.00,1265.00,Antibiotic,Suspension,true,
ALPRIM 10X10,Cotrimoxazole tabs,50.00,57.50,Antibiotic,Tablet,true,
Alrinast 5mg 10×10 tabs,Desloratadine 5 mg film coated tablets,196.67,226.17,Antihistamine,Tablet,true,
ALTAPHARM SUSP-Aluminium hydro ALTAPHARM 100mls,,1450.00,1668.00,Antacid / GI,,false,blank-generic
ALUGEL syrup,Alminium hydroxide+magnessium tricillicate syrup,1600.00,1760.00,Antacid / GI,,true,
AMBRODIL 100mls,ambroxol hydrochloride syrup,1840.00,2070.00,Respiratory,Syrup,true,
AMBRODIL DROP 15MLS,ambroxol hydrochloride drop,1575.00,1840.00,Respiratory,Syrup,true,
AMBROSAN 100mls,Ambroxol hydrochloride syrup,1630.00,1874.50,Respiratory,Syrup,true,
Aminophylline,Aminophylline 100mg tab,25.30,27.83,Respiratory,Tablet,true,
Amirol 25mg tab,Amitriptyline hydrochloride 25mg tab,8500.00,1020.00,Antihypertensive,Tablet,true,
AMLIN-10 3x10,Amlodipine 10mg tabs,40.00,46.00,Antihypertensive,Tablet,true,
AMLOBERG 3X10,Amlodipine 5mg tabs,38.33,44.10,Antihypertensive,Tablet,true,
AMOXY + CLAVUNIC 625MG (CLAVAM),,5000.00,5750.00,Antibiotic,,false,blank-generic
Amoxyclav 1.2 gm iv,Amoxicillin & clavulanic acid,3000.00,3450.00,Antibiotic,,true,
Amoxyclave 156.25 Syp,Amoxyclav 156.25mg suspension,4400.00,5060.00,Antibiotic,Suspension,true,
AMPCLO-DAWA 100mls,Ampiclox susp,1350.00,1485.00,Antibiotic,Suspension,true,
AMPICLO-DAWA 10x10,Ampiclox 500mg caps (Dawa),88.00,96.80,Antibiotic,Capsule,true,
AMPICLOX INJECTION,Ampiclox injection,800.00,920.00,Antibiotic,Injection,true,
AMPICLOX SYRUP (AXYLIN),,1650.00,1897.50,Respiratory,,false,blank-generic
Ampimax Plus,Ampicillin Trihydrate And Cloxacillin Sodium 250/250 mg Injection,800.00,920.00,Antibiotic,Injection,true,
AMROXOL SYRUP 100ML(AMBROX),,1900.00,2185.00,Respiratory,,false,blank-generic
AMYN DT 125 10X10,Amoxyclin 125mg for oral tabs,54.00,59.40,Antibiotic,Tablet,true,
ANGIZAAR-H 50/12.5mg tab,Losatarn+hydrochlorothiazide tab,360.00,130.33,Antihypertensive,Tablet,true,
ANOL 50 10x10,Atenolol 50mg tabs,24.00,27.60,Antihypertensive,Tablet,true,
ANTHEL 400mg 1×1 tab,Albendazole 400mg,267.00,307.00,Antiparasitic,Tablet,true,
Anusol suppository ANUSOL SUPP 12'S,,13000.00,14300.00,Antacid / GI,,false,blank-generic
APDYL-H 100MLS,Apdyl H srup herbal cough,1890.00,2079.00,Respiratory,Syrup,true,
APRINOX 10x10 tabs,Bendroflumethiazide 5mg,58.00,66.70,Antihypertensive,Tablet,true,
ARBIMAZOLE 10×10 tab,Carbamazepine 5mg tab,147.00,169.05,Antibiotic,Tablet,true,
ARH 60mls,Alu suspension (ARH),3150.00,3465.00,Antimalarial,Suspension,true,
ARH-L 24,Artemether20mg+lumefantrine120mg tabs,900.00,1035.00,Antimalarial,Tablet,true,
AROXICAM 7.5MG,Meloxicam 7.5mg tab,95.00,109.25,,,true,
ARTEQUICK 1X6,Artequick tabs,1375.00,1512.50,Antimalarial,Tablet,true,
ASCARD 75 3×10 tabs,Acetylsalisylic acid-(Aspin Junior) 75mg tabs,57.33,65.93,Antihypertensive,Tablet,true,
ASCORBIC ACID,Vitamin c tab,85.00,93.50,Vitamin / Supplement,Tablet,true,
ASCORIL D 100mls,Ascoril D syrup,1900.00,2185.00,Respiratory,Syrup,true,
ASOGRAIN 1X10,Vasograin tabs V,520.00,650.00,Analgesic,Tablet,true,
ASTHALIN,Salbutamol syrup,1100.00,1265.00,Respiratory,Syrup,true,
ASTHALIN,Salbutamol inhaler,4900.00,5720.96,Respiratory,,true,
Atadyn syrup,loratadine syrup,5250.00,6037.50,Antihistamine,Syrup,true,
Atorkey 3×10 20mg tabs,Atorvastatin 20 mg tablets,63.33,72.83,Cardiovascular,Tablet,true,
ATRAPID 1'S,Insuline inject soluble,13500.00,15390.00,consumable,,true,
ATSTAT 20mg 3×10 tabs,Atorvastatin 20mg tab,62.00,72.83,Antihypertensive,Tablet,true,
AUROXETIL 250 1×10 tabs,Cefuroxime 250MG tabs,700.00,780.00,Antibiotic,Tablet,true,
Austfluzol,"Fluconazole, 150 mg, Tablets",300.00,375.00,Antifungal,Tablet,true,
AXITROL eye drop,Maxitrol eye drop,7200.00,7920.00,Antibiotic,,true,
Axylin 10×10 caps,ampicillin+cloxacillin tabs,83.00,95.45,Antibiotic,Tablet,true,
AZICURE 1x3,Azithromycin 500mg tabs,483.33,556.00,Antibiotic,Tablet,true,
Azilin syrup,Azithromycin syrup,2250.00,2587.50,Antibiotic,Syrup,true,
Azito Suspension,Azithromycin 200 mg/5 mL Dry Powder For Suspension,3200.00,3680.00,Antibiotic,Suspension,true,
AZUMA 2x3 tabs,Azithromycin 250mg (azuma),208.33,239.67,Antibiotic,Tablet,true,
AZUMA500 1×3,Azithromycin 500mg tabs,550.00,632.50,Antibiotic,Tablet,true,
Baby gripe,gripe water,950.00,1093.00,Vitamin / Supplement,Syrup,true,
BACSTIFF 10mg 3×10 tabs,Baclofen 10mg tab,260.00,299.00,Analgesic,Tablet,true,
BACTROKANT 15gm ointment,Mupirocin ointment,3000.00,3450.00,Antibiotic,,true,
BENPHAM syrup,albendazole syrup,680.00,748.00,Antiparasitic,Suspension,true,
BENYLIN 100mls,Benylin dry cough syrup,12600.00,14490.00,Respiratory,Syrup,true,
BENYLIN 4FLUE 200mls,Benylin syrup 4flue big,17900.00,20585.00,Respiratory,Syrup,true,
Benylin-pediatric syrup,Benylin-pediatric syrup,12500.00,13750.00,Respiratory,Syrup,true,
Benzox Forte Cream 20gm,Benzoyl peroxide cream,2800.00,3220.00,Dermatological,Cream,true,
Benzox Gel 2.5gm,Benzoyl peroxide 2.5% gel,2200.00,2530.00,Dermatological,Gel,true,
BESICOR -10,Bisoprolol 10mg,366.67,421.67,Antihypertensive,,true,
"BESICOR -10 3X10, Bisoprolol 10mg tabs",,11000.00,12650.00,Antihypertensive,,false,blank-generic
BETACORT N 15GM,"BETACORT N (Betametha,neomycin)",2150.00,2473.00,Corticosteroid,,true,
BETAD 15gm,Betamethasone cream,790.00,909.00,Corticosteroid,,true,
BETADERM cream,betamethasone cream,2500.00,2875.00,Analgesic,Gel,true,
BETADERM NM CREAM,miconazole nitrate + neomycin sulphate+ betamethasone cream,1900.00,2182.00,Antifungal,Cream,true,
BEZIC OINT 30gm,"Bezic oint (Betametha, salicyl)",4100.00,4715.00,Corticosteroid,Ointment,true,
BGL ADULT DIAPER,ADULT DIAPER,10500.00,18900.00,consumable,,true,
Binafin cream,Terbinafine cream,2100.00,2310.00,Antifungal,Cream,true,
Binafin tab,terbinafin 250mg tab,1300.00,149.50,Antifungal,Tablet,true,
BROZEN 100mls,Brozen cough syrup,1900.00,2090.00,Respiratory,Syrup,true,
BRUMOX 10x10,Amoxyclin 250mg caps,32.00,36.80,Antibiotic,Capsule,true,
BRUSTAN 1×10,Diclofenac+ibuprofen tabs,179.00,196.90,Analgesic,Tablet,true,
BURN CREAM 20G,Silver sulfadiazine cream,1250.00,1375.00,Antibiotic,Cream,true,
BURNOX 30gm,BURNOX (Silver sulfadia cream),2000.00,2300.00,Antibiotic,Cream,true,
calaminE,calamin zink oxide,700.00,980.00,,,true,
CALCHEM 3x10 tabs,Amlodipine 10mg,95.00,109.27,Antihypertensive,Tablet,true,
CALCIMAG,Calcimag,5500.00,204.02,Vitamin / Supplement,,true,
CALCIMAG,"CALCIUM,ZINC ,MAGNESIUM ,VITA D",5250.00,6037.50,Vitamin / Supplement,,true,
Calcivita,"Calcium, vitamin A+D capsules",228.00,254.00,Vitamin / Supplement,Capsule,true,
CALPO 100mls,Calpo (Paracetamol syp big),6363.00,6999.00,Analgesic,Syrup,true,
CALPOL 60mls,Calpo (Paracetamol syp small),4300.00,4945.00,Analgesic,Syrup,true,
CANDEZ 16 3X10,Candesartan 16mg tabs,433.33,476.67,Antihypertensive,Tablet,true,
Candez 8mg tab,Camdesartan 8mg tab,99.00,123.75,,,true,
CANDIBIOTIC EAR DROPS 5ML,,5800.00,6670.00,Antibiotic,,false,blank-generic
Candid B cream 15gm,Clotrimazole cream,3200.00,3648.00,Antifungal,Cream,true,
Cannula 16G,,210.00,242.00,consumable,,false,blank-generic
CANNULA 18G GREEN,CANNULA 18G,210.00,241.00,consumable,,true,
CANNULA 20G PINK,CANNULA 20G,210.00,241.00,consumable,,true,
CANNULA 22G BLUE,CANNULA 22G,210.00,241.50,consumable,,true,
CANNULA YELLOW 24 G,CANNULA 24G,200.00,241.50,consumable,,true,
CAPRIL-25,Captopril 25mg tab,720.00,792.00,Antihypertensive,,true,
CAPTOPRIL-25 10x10,Captopril 25mg tabs,72.00,79.20,Antihypertensive,Tablet,true,
Carbamazepine 200mg 10×10 tabs,Carbamazepine 200mg tabs,78.00,85.80,Analgesic,Tablet,true,
Carbimazole 10×10 tabs,Carbimazole 5mg tab,142.00,163.30,Antihypertensive,Tablet,true,
CARDIONE 25 5x10,Spironolactone 25mg tabs,100.00,110.00,Antihypertensive,Tablet,true,
Cardoz 12.5mg tab,Carvedilol 12.5mg tab,151.20,241.92,,,true,
CARDOZ 2x14,Carvedilol 6.25mg tabs,114.29,125.71,Antihypertensive,Tablet,true,
carofit Tabs 30's vitamin and minerals,"Carrot extract 100mg, ascobic acid 150mg",293.33,337.33,Vitamin / Supplement,,true,
CARVILIN 3x10 tabs,Carvedilol 12.5mg (Lincolin),112.00,123.20,Antihypertensive,Tablet,true,
Catheter 18G,Folley catheter 18G,800.00,920.00,consumable,,true,
Catheter 22G,Folley catheter 22G,1200.00,1356.00,consumable,,true,
CEEPRO eye/ear drop,ciprofloxacin eye/ear drop,1100.00,1210.00,Ophthalmic,Drops,true,
CEFIXIME SYRUP,CEFIXIME  SYRP 100ML,5600.00,6440.00,,,true,
CEFLEX 250 10×10 caps,Cephalexin250mg cap,0.76,83.60,Antibiotic,Capsule,true,
CEFLEX DS 125 100mls,Cephalexin 125mg/5mls susp,1450.00,1595.00,Antibiotic,Suspension,true,
CEFTRIAXON & SALBACTAM 1.5MG,CEFTRIAXONE & SALBACTAM,1800.00,2250.00,Antibiotic,,true,
CHESTCOF 100mls,Chestcof syrup,2540.00,2794.00,Respiratory,Syrup,true,
CHESTCOF 2×50 tabs,Chestcof,80.00,88.00,Respiratory,Tablet,true,
CIFLOX 500mg 10×10 tabs,Ciprofloxacin 500mg tabs,52.00,57.20,Antibiotic,Tablet,true,
CIPRO CT 1x10 tabs,"Ciprofloxacillin, Tinidazole",450.00,495.00,Antibiotic,Tablet,true,
Cital liquid,sodiun citrate syrup,5500.00,6050.00,Antibiotic,Syrup,true,
CLARIX 2X7,Clarithromycin 500mg tabs,935.71,1029.29,Antibiotic,Tablet,true,
Clavam suspension,Amoxyclav suspension,3200.00,3840.00,Antibiotic,,true,
CLOBEDERM 10gm,Clobetasol propionate cream,1960.00,2156.00,Corticosteroid,,true,
Clomitab,clomifene 50mg tab,280.00,308.00,Oxytocic / Gynaecology,Tablet,true,
CLONAPIN 2,Clonazepam 2mg tab,366.67,403.34,Analgesic,,true,
"CLOPIDOWEL 75,",Clopidogrel 75mg,90.00,103.50,Antihypertensive,,true,
"CLOPIDOWEL 75, 3X10 Clopidogrel 75mg tabs",,2700.00,3105.00,Cardiovascular,,false,blank-generic
CLORIFORT 1x6,Clotrimazole V pessaries,130.00,150.15,Antifungal,Pessary,true,
CLOTRIMAZOLE POWDER 30GM (CANDID),,3200.00,3680.00,Antifungal,,false,blank-generic
Codimex-CT tab,Cetrizene 10mg tab,16.00,17.60,Antihistamine,Tablet,true,
COFFNIL SYRP 100mls,"Coffnil (Ocimum,Glycy,Zing)",1650.00,1897.00,Respiratory,Syrup,true,
COLD - OFF CAPS,cold off capsules,850.00,97.80,Antihistamine,,true,
COLDRIL 100mls,Coldril syrup,1650.00,1815.00,Antihistamine,Syrup,true,
COLDRIL 2x10,Coldril caps,85.00,93.50,Analgesic,Capsule,true,
cotton wool 100gm,cotton wool 100gm,950.00,1093.00,consumable,,true,
Cotton wool 200gm,,1800.00,2070.00,consumable,,false,blank-generic
cotton wool 25mg,,400.00,460.00,consumable,,false,blank-generic
cotton wool 500gm,cotton wool 500gm,2600.00,2915.00,consumable,,true,
cotton wool 50gm,cotton wool 50gm,500.00,575.00,consumable,,true,
COZEPAM 5mg 10×10 tabs,diazepam 5mg tab,3150.00,36.23,Analgesic,Tablet,true,
CREAM CANDID B 15GM,,3700.00,4255.00,Antifungal,,false,blank-generic
crepe bandage 10cm,crepe bandage 10cm,900.00,1035.00,consumable,,true,
crepe bandage 15cm,crepe bandage 15cm,1200.00,1380.00,consumable,,true,
crepe bandage 7.5cm,crepe bandage 7.5cm,700.00,805.00,consumable,,true,
CUPIKIT 25'S - MRDT,Malaria test kit,17500.00,19250.00,consumable,,true,
D5,Glucose Iv Infusion Bp 5% W/V 0.05 Solution For Infussion,900.00,1035.00,consumable,Injection,true,
D50,Iv dextrose 50%,3000.00,3450.00,consumable,,true,
DAWA TATU 10X10,Dawa tatu tabs,88.00,96.80,Analgesic,Tablet,true,
Dawa ya mba,dawa ya mba,630.00,724.50,Dermatological,,true,
DAZOLIC tab,Ornidazole 500mg tab,485.00,495.50,Antacid / GI,Tablet,true,
DEEP FREEZE 150MLS,Deep freeze spray,19800.00,21780.00,Analgesic,Gel,true,
DEEP HEAT RUB 35gm,Deep heat Rub Medium,9500.00,10450.00,Analgesic,Gel,true,
DEEP HEAT SPRAY 150ML,Deep heat spray,17500.00,19250.00,Analgesic,Gel,true,
DELASED 100mls,Delased syrup paediatric,2200.00,2310.00,Respiratory,Syrup,true,
Depin E Retard tab,Nifedipine 20mg tab,250.00,310.00,Antihypertensive,Tablet,true,
DERMAZOLE 2% shampoo,Ketoconazole shampoo,5100.00,5865.00,consumable,,true,
DERMIDEX Cream,miconazole nitrate cream,800.00,985.00,Antifungal,Cream,true,
DEXAMED,Dexamethasone 0.5mg tab,99.00,113.85,Antihistamine,Tablet,true,
DEXWIN drop eye/ear drop,dexamethasone + neomycin drop eye/ear drop,1100.00,1210.00,Corticosteroid,Drops,true,
DIAMIDE,Glibenclamide 5/500mg Metformin,150.00,172.50,Antidiabetic,,true,
"DIAMIDE 12X10, Glibenclamide 5/500mg Metformin",,18000.00,20700.00,Antidiabetic,,false,blank-generic
DIAPER MEDIUM,DIAPER MEDIUM,10500.00,18900.00,consumable,,true,
DIAPERS L,DIAPER L,10500.00,18900.00,consumable,,true,
DICLODAY 30gm,Dicloday gel (Diclof&Serratiop),1450.00,1595.00,Analgesic,Gel,true,
DICLODAY GEL 20GM,Dicloday gel,1000.00,1150.00,Analgesic,Gel,true,
DICLOKANT 20gm gel,Diclofenac 20gm gel,550.00,634.00,Analgesic,Gel,true,
DICLOKANT HC GEL 30gm,Diclofenac gel 30gm,1400.00,1610.00,Analgesic,Gel,true,
DICLOPAR 10×10 tabs,diclofenac+paracetamol tabs,35.00,38.50,Analgesic,Tablet,true,
DICLOPAR GEL 30gm,Diclopar gel BP shellys,2000.00,2300.00,Analgesic,Gel,true,
DICLOPAR MR 1x10,Diclopar tabs (DICLOPAR MR),120.00,132.00,Analgesic,Tablet,true,
DICLORAN 20gm,Diclofenac gel,550.00,632.00,Analgesic,Gel,true,
DICLORAN 50mg 10×10 tabs,Diclofenac 50mg tabs,10.50,12.07,Analgesic,,true,
Digital thermometer,Digital thermometer,3800.00,4370.00,consumable,,true,
Dikon,Diclofenac 75 mg/ 3 ml Injection,180.00,225.00,Analgesic,Injection,true,
DIOFLUVIN 500mg tab,Griseofulvin 500mg tab,190.00,209.00,Antifungal,,true,
Dns,Dextrose + Sodium Chloride 0.9% + 5% w/v Solution For Infussion,1100.00,1150.00,consumable,,true,
Dolomol suspension,Paracetamol 100mls suspension,750.00,863.00,Analgesic,,true,
Dolomol tabs,Paracetamol 500mg tab,11.00,13.75,Analgesic,Tablet,true,
DOMPERIDONE TABS DOMSTAL 1*10,DOMPERIDONE,990.00,1138.50,Analgesic,,true,
DORZAWELL-T 5ml,Dorzolamide 2%+ Timolol 0.5% drop,13000.00,15000.00,Antihistamine,,true,
Doulfenac tabs,Diclofenac+paracetamol tab,30.00,33.00,Analgesic,Tablet,true,
DOXIN-SHELYS 10x1,Doxycycline 100Mg caps -shel,44.00,50.60,Antibiotic,Capsule,true,
DOXY 10×10 caps,Doxycicline 100mg cap,44.00,50.60,Antibiotic,Capsule,true,
DR COLD 100mls,Dr.cold syrup,2200.00,2300.00,Respiratory,Syrup,true,
DR COLD 4X25,Dr.cold tabs,73.50,80.85,Analgesic,Tablet,true,
DROX 100mls,Cefadroxil Suspension,4300.00,4730.00,Antibiotic,Suspension,true,
DROX 1x10 caps,Cefadroxil caps 500mg,325.00,373.75,Antibiotic,Capsule,true,
DUFENAC 1x10,Diclofenac 75mg capsules,30.00,34.50,Analgesic,Capsule,true,
DUO COTEXIN 1X9,Duo cotexin tabs adult,922.22,1014.44,Antimalarial,Tablet,true,
DUO COTEXIN PAED 1x6,Duo Cotexin paediatric tablets,119.45,1521.67,Antimalarial,Tablet,true,
duphastone 1×20 tabs,duphaston tabs,1000.00,1250.00,Oxytocic / Gynaecology,Tablet,true,
EKELFIN 1x2 tabs,EKELFIN (Sulfamethox/pyrimetham),850.00,935.00,Antimalarial,Tablet,true,
ELYCORT 15GM,Hydrocortisone cream E,1590.00,1828.50,Corticosteroid,,true,
Elymox suspension,Amoxicillin suspension,1000.00,1200.00,Antibiotic,,true,
Elyvate ointment,Betamethasone ointment,1100.00,1320.00,Antifungal,,true,
EMDELYN ADULT 100mls,Emdelyn syrup adult,1700.00,1870.00,Respiratory,Syrup,true,
EMDELYN P 100mls,Emdelyn syrup paediatric,1700.00,1870.00,Respiratory,Syrup,true,
Emdeplex 10×10 tabs,Vitamin B complex tabs,13.50,15.53,Vitamin / Supplement,Tablet,true,
EMFORAL 10x10 tabs,Propanolol 40mg (cyprus),99.00,123.75,Antihypertensive,Tablet,true,
ENAT 400 tabs,natural vitamin E 400mg tab,833.33,958.33,Vitamin / Supplement,Tablet,true,
ENEMAX 120mls,Enemax solution,5550.00,6105.00,Antacid / GI,,true,
Eno 10×10 tabs,Eno tablets,1200.00,138.00,Antacid / GI,Tablet,true,
ENO lemon sachet,Enno sachet,300.00,345.00,Antacid / GI,,true,
Entezma Oint 30gm,Betamethasone + Salicylic acid ointment,4800.00,5280.00,Corticosteroid,Ointment,true,
EPNONE 3x10,Eplerenone 25mg tabs,1933.33,2126.67,Antihypertensive,Tablet,true,
Erecto 100,sildenafil citrate 100mg tab,2685.00,2953.50,Antihypertensive,Tablet,true,
Erecto 50,sildenafil citrate 50mg tab,1538.00,1799.00,Antihypertensive,,true,
Erythromin suspension,Erythromycin suspension,1400.00,1600.00,Antibiotic,Suspension,true,
Erythromin tablet,Erythromycin 500mg tab,80.00,91.20,Antibiotic,Tablet,true,
ESOMEPRAZOLE 20MG  3X10,ESOMEPRAZOLE,3800.00,4370.00,Antacid / GI,,true,
ESOMEPRAZOLE 40MG TAB,ESOMEPRAZOLE,5500.00,6325.00,Antacid / GI,,true,
eusol solution 100ml,Eusol solution,390.00,448.50,consumable,,true,
EXAMINATION GLOVES,Examination gloves,6300.00,7245.00,consumable,,true,
EXPEN inj,Benzylpenicilline sodium inj,977.00,991.00,Antibiotic,Injection,true,
FABRIC PLASTER,Mediplastar strip,27.00,26.25,consumable,,true,
FASTUM GEL big,Diclofenac gel,5250.00,6090.00,Analgesic,Gel,true,
FEBUDAY 3x10,Febuxostat 40mg tabs,283.33,311.67,consumable,Tablet,true,
Ferrolic-Fefo tabs,Ferrous sulfate and folic acid tab,31.00,34.10,Vitamin / Supplement,Tablet,true,
FERROTONE Caps,"iron, follic acid, vitamin B12 tab",10000.00,11500.00,Vitamin / Supplement,Tablet,true,
FIMABUTE,Cefixime 200mg,345.00,396.80,Antibiotic,,true,
"FIMABUTE 1X10, Cefixime 200mg tabs",,3450.00,3968.00,Antibiotic,,false,blank-generic
FINAGEN 3x10,Finasteride 5mg tabs,293.33,322.67,consumable,Tablet,true,
FISH OIL CAP,FISH OIL,24500.00,27600.00,,,true,
FIXIM,Cefixime 400mg,770.00,885.50,Antibiotic,,true,
"FIXIM-400 1X10, Cefixime 400mg tabs",,7700.00,8855.00,Antibiotic,,false,blank-generic
FIXINECT 100mls,Cefixime Susp 100MG/5ML,7500.00,8625.00,Antibiotic,Suspension,true,
FIXINECT 1X10,Cefixime 400mg tabs,840.00,966.00,Antibiotic,Tablet,true,
Flamar-MX 1×10 tabs,diclofenac+paracetamol+chlorzoxazone tab,370.00,414.40,Analgesic,Tablet,true,
Flamingo 1's,Arm sling paediatric -M,11400.00,13110.00,consumable,,true,
FLUCAMOX 4x4 caps,Flucamox caps (Amoxyc+Fluclox),462.50,481.25,Antibiotic,Capsule,true,
FLUCAMOX SUSP 80ls,Flucamox (Amoxycillin+Flucloxac),5500.00,6325.00,Antibiotic,Suspension,true,
Flucan 150mg tab 1×1,Fluconazole 150mg tabs,620.00,609.50,Antifungal,Capsule,true,
Flucoz 150mg 1×1 tab,Fluconazole 150 mg Uncoated Tablets,300.00,324.90,Antifungal,Tablet,true,
Flumox suspension,Amoxycilline+ flucoxacilin suspension,6000.00,6720.00,Antibiotic,Suspension,true,
Fluticasone nasal spray,Fluticasone nasal spray,9900.00,10890.00,Corticosteroid,,true,
Folic acid 5mg 10×10 tabs,Folic acid,1400.00,1391.00,Vitamin / Supplement,Tablet,true,
FUBEN -P syrup,Ibuprofen + paracetamol syrup,1800.00,2000.00,Analgesic,Syrup,true,
FUCOL,Fluconazole inj,1760.00,2266.65,Antifungal,,true,
FUNBACT-A 30GM CR,"FUNBACT-A (Betame,clotri,neomy)",2200.00,2530.00,Antifungal,Cream,true,
FUNGISTAT 15GM,Miconazole 2% cream,1590.00,1829.00,Antifungal,,true,
FUROSEMIDE 40mg 100's tabs,Furosemide 40mg tabs,24.50,26.95,Antihypertensive,Tablet,true,
GAUZE BANDAGE 7.5CM,,1450.00,1667.50,consumable,,false,blank-generic
GAUZE ROLL 90CM X 100YRD BGL 1'S,GAUZE,22000.00,25300.00,consumable,,true,
GAUZE ROLL 90CM X 5YRD BGL 1'S,,2350.00,2702.50,consumable,,false,blank-generic
Gemer1,Glibenclamide 1mg tab+metformin hydrochloride 500mg tab,540.00,615.60,Antidiabetic,Tablet,true,
Gemer2,Glibenclamide 2mg tab+metformin hydrochloride 500mg tab,550.00,627.00,Antidiabetic,Tablet,true,
Gentalene-C cream,"betamethasone dipropionate, gentamycin sulphate, and clotrimazole cream",2500.00,2750.00,Antifungal,Cream,true,
GENTALPHA inj,Gentamycin 80mg/2ml inj,115.00,132.25,Antihistamine,,true,
GENTAMICIN SULPHATE CREAM 10gm,Gentamicin sulphate cream 10gm,2400.00,2640.00,Antibiotic,Cream,true,
GENTRIDEM 10GM,"GENTRIDEM (Betameth,Clotrim,Ge)",2750.00,3025.00,Antifungal,Cream,true,
Gentriderm cream,"betamethasone, clotrimazole, gentamycin cream",2750.00,3025.00,Antifungal,Cream,true,
Gentrisone 10gm cream,Gentrisone 10gm cream,2800.00,3150.00,Antifungal,Cream,true,
Gesic ADL-Ibuprofen tabs,Ibuprofen 200mg tab,20.00,21.00,Analgesic,Tablet,true,
GILOBA MEGA 40mg tab,GinkoGiloba Extract 40mg tab,796.67,876.33,Vitamin / Supplement,,true,
GINSOMIN tabs,multivitamin+mineral suppliments tabs,833.33,958.33,Vitamin / Supplement,Tablet,true,
giving set,infusion set,270.00,345.00,consumable,,true,
GLAUCONIL 10mls eye drop,Latanoprost 0.005% eye drop,12000.00,13800.00,Antibiotic,,true,
GLENDES 3×10 tabs,Desloratadine 5 mg tabs,183.33,210.83,Antihistamine,Tablet,true,
GLITISOL 5mg tab,Glibenclamide 5mg tab,77.00,84.70,Antidiabetic,Tablet,true,
GLUCONAVII 1's strips,BCG machine,27500.00,31625.00,consumable,,true,
GLUCOPLUS,Blood glucose test trip,34500.00,39600.00,consumable,,true,
GMYCIN 1's,Gentamycin injection 80MG/2ML,135.00,155.25,Antibiotic,Injection,true,
Gofen 200mg 6×10 tabs,"Ibuprofen 200 mg Capsules, Soft",525.83,560.00,Analgesic,Capsule,true,
GOODMORNING 60mls,Good morning syr (Lung tonic),1690.00,1870.00,Respiratory,Syrup,true,
Gynazole pessaries,miconazole nitrate 400mg pessaries,5500.00,6050.00,Antifungal,Tablet,true,
GYNAZOLE V CRM (Miconazole v cre GYNOZOL V CRM 4Og,,5500.00,6050.00,Antifungal,,false,blank-generic
GYNEX pessaries,"metronidazole,miconazole nitrate vaginal tabs",8800.00,9680.00,Antifungal,Tablet,true,
HEDEX 10x10,Hedex tabs,73.00,81.70,Analgesic,Tablet,true,
HEKOCET TAB,Cetrizene hydrochloride 10mg tab,15.50,17.82,Antihistamine,Tablet,true,
HELIGO KIT 7X6,Heligo kit 500mg tabs,666.67,733.33,Antacid / GI,Tablet,true,
HEMATONE syrup,"vitamin B12, follic acid, manganese syrup",2900.00,3364.00,Vitamin / Supplement,Syrup,true,
HEMOVIT SYRUP,"Vitamin B6,B12,iron,follic acid syrup",3500.00,4025.00,Vitamin / Supplement,Syrup,true,
HI-ALFA SR 3×10 tabs,Alfuzosin hydrochloride 10mg tab,350.00,402.50,Antibiotic,Tablet,true,
HIV Rapid test,HIV test,25000.00,30000.00,consumable,,true,
HOLOPERIDOL 1.5MG TABS,,6100.00,7015.00,Cardiovascular,,false,blank-generic
Hovid - intraconazole caps,Intraconazole 100mg caps,589.30,648.21,Antifungal,,true,
HYDOPA 250 TABS,Methyldopa 250mg tabs,1.12,1.29,Antihypertensive,Tablet,true,
Hydrocortisone injection,Hydrocortisone injection,725.00,862.50,Antihistamine,,true,
HYDROGEN 100mls,Hydrogen 3%(10V) mouthwash,360.00,414.00,consumable,,true,
hydrogen peroxide 6%,hydrogen peroxide 6%,360.00,414.00,consumable,,true,
HYDROGEN PEROXIDE EAR DROPS 15ML,,850.00,977.50,Dermatological,,false,blank-generic
Hyoscine tabs,Hyoscine tabs,69.50,79.93,Analgesic,Tablet,true,
IBUMEX 100ml syrup,Ibuprofen syrup,1760.00,1495.00,Analgesic,Syrup,true,
Ibumex 200mg tabs,Ibuprofen 200mg tab,19.80,24.75,Analgesic,Tablet,true,
IBUMEX 60ml syrup,ibuprofen syrup,1400.00,1610.00,Analgesic,Syrup,true,
ILET B1,Glibenclamide 1mg tab+metformin hydrochloride 500mg tab,3166.67,3641.67,Antidiabetic,Tablet,true,
ILET B2,Glibenclamide 2mg tab+metformin hydrochloride 500mg tab,2933.33,3373.33,Antidiabetic,Tablet,true,
Imipramine 25mg,imipramine chloride 25mg tab,132.00,150.48,Corticosteroid,,true,
Indart 30plus Inj.,Artesunate 30mg injection,1300.00,1495.00,Antimalarial,Injection,true,
Indart 60plus Inj.,Artesunate 60mg injection,1500.00,1725.00,Antimalarial,Injection,true,
Indclav 625 tabs,Amoxyclav 625mg tabs,571.42,685.70,Antibiotic,Tablet,true,
Indclav suspension,Amoxyclav suspension,5500.00,6875.00,Antibiotic,,true,
INDOZEN 10×10 caps,Indomethacine 25mg caps,31.00,35.65,Antibiotic,Capsule,true,
Inflazone Oint 30gm,INFLAZONE 30gm,2100.00,2415.00,Analgesic,Gel,true,
INFUMOX CV 100mls,Amoxcla 228mg/5mls syrup,3600.00,4140.00,Antibiotic,Syrup,true,
INSULATED 1'S,Insulin inject lente,13500.00,15390.00,consumable,,true,
insulin syringe,,200.00,230.00,consumable,,false,blank-generic
INTACYCLINE skin,Tetracycline skin ointment,700.00,770.00,Antibiotic,Cream,true,
INTAMINE cream,INTAMINE cream,1040.00,1196.00,Antihistamine,,true,
IRICAM 10x10,Piroxicam 20mg caps P,24.00,27.60,Analgesic,Capsule,true,
IROCIN 15GM ointment,Mupirocin ointment,4300.00,4730.00,,,true,
Isoryn nasal drop-adult,ephedrine hydrochloride1% nasal drop-adult,1650.00,1815.00,Respiratory,,true,
Isoryn nasal drop-pediatric,ephedrine hydrochloride1% nasal drop-pediatric,1650.00,1815.00,Respiratory,,true,
ISOTRETINOIC 10MG CAP,,22000.00,843.33,Vitamin / Supplement,,false,blank-generic
ISOTRETINOIC 10MG CAP,ISOTRETINOIC,22000.00,25300.00,Vitamin / Supplement,,true,
Iv mannitol 100mls,Iv mannitol 100mls,4000.00,4600.00,consumable,,true,
JOINT,JOINT ON,433.33,546.00,Vitamin / Supplement,,true,
JOINT ON,GLUCOSAMINE AND CHONDROITIN,13000.00,14950.00,Vitamin / Supplement,,true,
Junior care syrup,Junior care syrup,1900.00,2185.00,Respiratory,Syrup,true,
KAIMET INJ,Metronidazole inj,850.00,977.50,Antibiotic,,true,
KAMAGRA 100 tab,Sildenafil 100mg tab,1400.00,1610.00,Antihypertensive,Tablet,true,
KAMAGRA 50 tab,Sildenafil 50mg tab,880.00,1012.00,Antihypertensive,Tablet,true,
KANDICIDE -V CREAM,Clotrimazole 2% vaginal cream,1250.00,1375.00,Antifungal,,true,
Kelymox suspension,Amoxicillin suspension,990.00,1188.00,Antibiotic,Suspension,true,
KEMOXYL syrup,Amoxycillin syrup 100ml,825.00,990.00,Antibiotic,Syrup,true,
KETOMUSC 30gm gel,Ketoprofen 2.5% gel,3700.00,4200.00,Analgesic,,true,
KINHEAL 10gm cream,Compound ketoconazole cream,2310.00,2440.00,Antifungal,Cream,true,
Kiss,Condom,444.00,492.84,consumable,,true,
Kly gel,Kly gel,4200.00,4830.00,consumable,Gel,true,
KOACT 625mg 2x7,Amoxclav 625mg tabs,300.00,330.00,Antibiotic,Tablet,true,
KOFLYN JUNIOR SYRUP,Koflyn Junior syrup,1250.00,1438.00,Respiratory,Syrup,true,
Kofol Syrup SF 100ml,Kofol cough syrup,1600.00,1840.00,Respiratory,Syrup,true,
LABSTATIN 30ml,Nystatin oral suspension,1395.00,1604.25,Antibiotic,Suspension,true,
Lactease soln,lactulose syrup,3600.00,4140.00,Antacid / GI,,true,
LAEFIN 1x2 tabs,Laefin (Sulfadoxin/pyrimetham),425.00,489.00,Antimalarial,Tablet,true,
Lanomycin inj,Amikacin 500mg/2ml inj,10000.00,11500.00,Antibiotic,Injection,true,
Lanpro 30mg 20's 2x10,Lansoprazole 30mg caps,145.00,166.75,Antacid / GI,,true,
LARTEM (ALU 24),Artimether Lumefantrine tabs-24,900.00,1035.00,Antimalarial,Tablet,true,
Lartem 12 tabs,Artimether Lumefantrine tabs,850.00,978.00,Antimalarial,Tablet,true,
LARTEM 18,Artemether20mg+lumefantrine120mg tabs,900.00,1035.00,Antimalarial,Tablet,true,
LARTEM 3x6,Alu(lartem 20mg/120mg) tabs,43.89,54.86,Antimalarial,Tablet,true,
LAVY PADS 290mm,Lavypads 290mm,2700.00,2970.00,consumable,,true,
LECOTRIM 100MLS,Cotrimoxazole susp,900.00,1035.00,Antibiotic,Suspension,true,
LEVAMISOLE SYRUP VUMTREX 30MLS,,1300.00,1495.00,Antiparasitic,,false,blank-generic
LIDOLIN 30gm gel,Lidocaine gel,2900.00,3335.00,Analgesic,Gel,true,
LIGNOCAIN,Lignocain inj,1650.00,1495.00,Analgesic,,true,
LINCODERM 15gm,Lincoderm cream small,1800.00,2070.00,Antifungal,Cream,true,
Lincoderm cream,"betamethasone,gentamycin.tolnaftate+ clioqinol cream",2550.00,2705.00,Antifungal,Cream,true,
LINCOSONE CREAM,lincosone cream 10gm,1500.00,1725.00,Antifungal,Cream,true,
Lonart DS,Artemether80mg+lumefantrine480mg,2600.00,2990.00,Antimalarial,Tablet,true,
Loperium tab,loperamide hydrochloride 2mg tab,950.00,1092.50,Antacid / GI,Tablet,true,
LOSA TABS,Losatarn 50mg tab,60.00,68.40,Antihypertensive,Tablet,true,
LOSAKIND 50mg 30's tabs,Losatarn 50mg tab,83.33,95.83,Antihypertensive,Tablet,true,
LOSAKIND H 30's tabs,Losatarn+hydrochlorothiazide tab,113.33,130.33,Antihypertensive,Tablet,true,
LUMERAX 1x6 tabs,Alu (Lumerax 80/480),416.67,479.17,Antimalarial,Tablet,true,
M Cam 15mg 10x10,Meloxicam 15mg tabs,95.00,109.25,Analgesic,Tablet,true,
M CAM 7.5mg 10x10,Meloxicam 7.5mg tabs,105.00,120.75,Analgesic,Tablet,true,
M-DOPAKANT 250,Methyldopa 250mg tab,11200.00,12320.00,Antihypertensive,Tablet,true,
M-KAST 3×10 tabs,Montelukast 5mg tabs,185.00,207.20,Respiratory,Tablet,true,
MAGNOMIT,Magnessium 250mg tab,15.80,17.50,Antacid / GI,Tablet,true,
MALAFIN 1x2 tabs,Malafin (sulfamethox-Pyrimethy),340.00,391.00,Antimalarial,Tablet,true,
MAMA DELIVERY KIT,Mama delivery kit,12500.00,14375.00,consumable,,true,
MAMA DELIVERY KIT NEEMA'S,NEEMA'S DELIVERY KIT,14500.00,16675.00,consumable,,true,
MCARDIA-10 3x10,Amlodipine 10mg tabs,39.00,44.83,Antihypertensive,Tablet,true,
MEBENDAZOLE 100MG TABS MEBFIL 10*10,,2650.00,3049.00,Antiparasitic,,false,blank-generic
MEBO OINTMENT 15GM,mebo ointment topical15gm,19700.00,22655.00,Antihistamine,,true,
MEBO OINTMENT 30gm,mebo ointment topical 30gm,23500.00,27025.00,Antihistamine,,true,
Medicloap suspension,Ampiclox suspension,1000.00,1200.00,Antibiotic,Suspension,true,
MEDIPLASTER,ADHESIVE WOUND PLASTER 10'S,2700.00,3105.00,consumable,,true,
MEDIVIN 15gm,Betamethasone ointment,950.00,1520.00,Corticosteroid,Ointment,true,
MEDIVINE 15gm,Betamethasone cream,895.00,1029.00,Corticosteroid,,true,
MEDOCRIPTINE 2.5mg,Bromocriptine 2.5mg tab,496.67,571.17,Oxytocic / Gynaecology,Tablet,true,
MEDOPHARM 10X10,Cotrimoxazole tabs,35.00,38.50,Antibiotic,Tablet,true,
MEFTAL 250MG 10×10 tabs,Mefenamic acid 250mg tab,499.00,573.90,Analgesic,Tablet,true,
MEFTAL SPAS 60s,Mefenamic acid + dicyclomine tablets,4.44,293.33,Analgesic,Tablet,true,
MEGA DUOCETZ TABS,Mega Duocetz tabs,14900.00,17135.00,Analgesic,Tablet,true,
Mega Enat cream 50gm,Enat cream 50gm,25000.00,28750.00,Antifungal,Cream,true,
MEGA KIDDZ,Omega syrup 100mls,15000.00,17250.00,Vitamin / Supplement,Syrup,true,
MEGA NAT C TABS,Nat C 1000mg tab,25000.00,28750.00,Vitamin / Supplement,,true,
MEGA OMEFLEX TABS,Mega omeflex tabs,15500.00,17825.00,Vitamin / Supplement,Tablet,true,
MEGA OSTEOMIN TABS,Mega OSTEOMIN tabs,35000.00,40250.00,Vitamin / Supplement,Tablet,true,
MEGA PRENATAL CAPS,Prenatal caps,13900.00,15985.00,Vitamin / Supplement,Capsule,true,
Mentho plus/Emami rub,mentho plus,693.00,796.95,Antihistamine,,true,
MENTHODEX 100mls,Menthodex syrup small,6250.00,7187.50,Respiratory,Syrup,true,
Merepenem 1gm  injection,Merogram injectio,8350.00,9602.50,Antibiotic,,true,
Merepenem 1gm  injection,,8350.00,9602.50,Antibiotic,,false,blank-generic
METFORMIN 500MG (M-FORLIN),,2400.00,2760.00,Cardiovascular,,false,blank-generic
methylated spirit 100ml,methylated spirit 100ml,495.00,499.95,consumable,,true,
methylated spirit 1litre,methylated spirit 1litre,3200.00,4000.00,consumable,,true,
Metrogyl -topical gel,metronidazole gel,3290.00,3783.50,Antibiotic,Gel,true,
Metrogyl-200 10×10 tabs,Metronidazole Bp 200 mg Tablets,18.50,20.35,Antibiotic,Tablet,true,
METROGYL-DENTAL 20GM,Metronidazole dental gel,3290.00,3784.00,Antibiotic,,true,
METRONIDAZOLE IV METROGY 100MLS,,800.00,920.00,Antiparasitic,,false,blank-generic
Metswift 500,Metformin 500mg tab,2700.00,2970.00,Antidiabetic,,true,
Mezacar tabs,Carbamazepine 200mg tabs,93.00,106.95,Psychotropic,,true,
MICOR Oral gel 30gm,miconazole oral gel,2000.00,2300.00,Antifungal,Gel,true,
MIFUPEN 2X50,Mifupen tabs,60.00,75.00,Analgesic,Tablet,true,
MISO-CIPLA 4's,Misoprostol 200mcg tabs,3327.00,3826.05,Oxytocic / Gynaecology,Tablet,true,
MIXTARD NOVO 1'S,Insulin MIXTARD 30/70,13500.00,15390.00,consumable,,true,
MOMATE 15GM CREAM,Mometasone cream 15gm,11500.00,13225.00,Analgesic,,true,
MOXYL 100mls,Amoxycillin Susp KE,850.00,978.00,Antibiotic,Suspension,true,
MUCOGEL,Mucogel suspension,3200.00,3750.00,Antacid / GI,,true,
Mucolyn adult syrup,Mucolyn adult syrup,1500.00,1680.00,Respiratory,Syrup,true,
Mucolyn pediatric syrup,mucolyn pediatric syrup,1500.00,1680.00,Respiratory,Syrup,true,
MULTIVITAMIN MVIT 10X10,MULTIVITAMIN,7500.00,8625.00,Vitamin / Supplement,,true,
MUSCLE PLUS 2x10,Muscle plus tabs,148.50,149.50,Analgesic,Tablet,true,
MUVERA 15mg 10×10 tabs,Meloxicam 15mg tab,200.00,230.00,Analgesic,Tablet,true,
Muvera 7.5mg 10×10 tabs,Meloxicam 7.5mg tab,22.30,25.65,Analgesic,Tablet,true,
Myclav 228.5mg Sus 70ml,Amoxyclav 228.5mg suspension,4800.00,5520.00,Antibiotic,Suspension,true,
Myclav 625mg 14's 2x7,Amoxyclav 625mg tabs,4750.00,369.64,Antibiotic,Tablet,true,
Nat B caps,high potency vitamin b tab,373.67,411.03,Vitamin / Supplement,Capsule,true,
NAT B FORT tab 30'S,NAT B FORT tabs 30's,24500.00,28175.00,,,true,
Nat D tab,Vitamin D3 (cholecalciferal 125ug),18500.00,21275.00,,,true,
Natoa syrup,mebendazole syrup,950.00,994.50,Antiparasitic,Suspension,true,
Natoa tabs,mebendazole 100mg tabs,2650.00,2915.00,Antiparasitic,Tablet,true,
NAUMA GEL 20gm,Diclofenac gel (Nauma gel),1550.00,1783.00,Analgesic,Gel,true,
NEOSAFE COTTON WOOL 200GM,COTTON WOOL 200GM,1700.00,1955.00,consumable,,true,
Neuroton tabs,Neuroton tab,390.00,409.50,Vitamin / Supplement,Tablet,true,
NGT 16 1's,Nasogastric feeding tube,750.00,840.00,consumable,,true,
NGT 18 1's,Nasogastric feeding tube,750.00,855.00,consumable,,true,
NGT 4 1's,Nasogastric feeding tube 4,750.00,855.00,consumable,,true,
NGT 5 1's,Nasogastric feeding tube 5,750.00,855.00,consumable,,true,
Nifelate 20mg tab,Nifedipine 20mg tab,76.00,91.80,Antihypertensive,Tablet,true,
NITAZOX SUSP(NITAZOXANIDE) NETAZOX SUSP 30MLS,,6000.00,6900.00,Antiparasitic,,false,blank-generic
Nitofurantoin 10×10 tabs,nitrofurantoin 100mg tab,6000.00,6900.00,Antibiotic,Tablet,true,
Njoi,sildenafil citrate 50mg tab,400.00,460.00,Antihypertensive,Tablet,true,
Nor-T tab,Norfloxacillin+Tinidazole tabs,1800.00,1897.50,Antibiotic,Tablet,true,
Normax 400mg,Norfloxacillin 400mg tab,2050.00,2357.50,Antibiotic,Tablet,true,
NOSIC 3×10 tabs,Doxylamine succinate10mg+pyrodoxine hydrochloride 10mg tab,220.00,242.00,Antacid / GI,Tablet,true,
Novaphex 250mg cap,Cephalexin 250mg caps,64.00,80.00,Antibiotic,,true,
NS,Sodium Chloride Intravenous Infusion 0.9%,1000.00,1121.00,consumable,Injection,true,
Nystatin oral,Nystatin oral,1300.00,1495.00,Antifungal,,true,
OCUCYCLINE eye ointment,Tetracycline hydrochloride 1% eye ointment,790.00,908.00,Ophthalmic,,true,
Ocumycin Eye Oint 5gm,Chloramphenicol 1% eye ointment,700.00,805.00,Ophthalmic,,true,
OD-TAM 0.4mg caps,Tamsulosin 4mg cap,300.00,345.00,Corticosteroid,,true,
ODIMONT 3×10 tabs,Montelukast 10mg tabs,220.00,253.00,Respiratory,Tablet,true,
OLANDUS 1×10 tabs,Olanzapine 5mg tab,305.00,350.75,Antihypertensive,Tablet,true,
OLMAC 10 3×10 tabs,Olanzapine 10mg tab,528.00,603.75,Antihypertensive,Tablet,true,
OLOLINK eye drop,Olopatadine hydrochloride eye drop,5400.00,5940.00,Antibiotic,,true,
OMESK 20mg 10×10 caps,Omeprazole 20mg caps,27.50,30.25,Antacid / GI,,true,
ONCET TABS,Cetrizene hydrochloride 10mg tab,20.00,23.00,Antihistamine,Tablet,true,
ORAL REHYDRATION SALTS,,220.00,253.00,Antacid / GI,,false,blank-generic
ORODAR 1x3 tab,"ORODAR (Sulfadoxin,Pyrimethamin)",583.33,670.83,Antimalarial,Tablet,true,
osteovia,GLUCOSAMINE AND CHONDROITIN,9900.00,11385.00,Vitamin / Supplement,,true,
OSTEVIA 30'S,Glucosamine+choudritin,316.67,364.17,Vitamin / Supplement,,true,
Ovamit,clomifene 50mg tab,550.00,605.00,Oxytocic / Gynaecology,Tablet,true,
p2,levonorgestrel 0.75mg tab,1300.00,1430.00,Oxytocic / Gynaecology,Tablet,true,
Pa 12 1x12 tabs,Paracetamol 1000gm sustained r,241.67,302.08,Analgesic,Tablet,true,
PANADOL ADVANCE 10×10 tabs,Paracetamol,59.80,68.77,Analgesic,Tablet,true,
PANADOL EXTRA TABS,,108.00,124.20,Analgesic,,false,blank-generic
PANTOCOD 5×10 tab,Pantoprazole 40mg tab,450.00,517.50,Antacid / GI,Tablet,true,
PANTONEX DR-40mg tab,Pantoprazole 40mg tab,113.33,130.33,Antacid / GI,Tablet,true,
Paracetamol 1000gm sustained suppository,Paracetamol 1000gm suppository,2900.00,3335.00,Analgesic,Suppository,true,
PARAKANT 10x10,Paracetamol 500mg tabs,11.00,13.75,Analgesic,Tablet,true,
PATMAC inj,Pantoprazole 40mg injection,2000.00,2300.00,Antacid / GI,Injection,true,
PENADUR-benzathine penicillin,PENADUR-benzathine penicillin,700.00,747.50,Antibiotic,Injection,true,
PERINORM,Metoclopramide injection,3050.00,355.00,Antacid / GI,Injection,true,
PERSOL 5% 20GM,,3700.00,4255.00,Dermatological,,false,blank-generic
PHAMACOFF-P 60ML,Phamacoff-p (dextromethorphan),1450.00,1812.50,Respiratory,Syrup,true,
PHAMDOL 10×10 caps,Tramadol 50mg caps,51.00,58.65,Analgesic,Capsule,true,
PHARMACROM 10mls,Sodium cromoglycate eye drop,1750.00,2012.00,Antibiotic,,true,
Pharmactine syrup,cyproheptadine hydrochloride syrup,2100.00,2415.00,Vitamin / Supplement,Syrup,true,
PHARMADEXGENT drop,dexamethasone+gentamycin eye/ear drop,1400.00,1610.00,Ophthalmic,Drops,true,
PHARMAGENTACIN eye/ear drop,Gentamicin eye/ear drop,450.00,495.00,Antibiotic,,true,
PHARMATIMOL 0.5% drop,Timolol 0.5% drop,1540.00,1771.00,Ophthalmic,Drops,true,
Phenobarbital tabs,Phenobarbital tabs,30.00,34.50,Psychotropic,,true,
PIOSAFE 3×10 tabs,Pioglitazone 30mg tabs,300.00,345.00,Antidiabetic,Tablet,true,
PIPZO 1'S inj,Piperacilin+tazoba 4.5mg injection,8300.00,9296.00,Vitamin / Supplement,Injection,true,
PIRITON,Chlorphenamine 100s,14.50,16.68,Respiratory,,true,
PLASTER 5C,,1400.00,1610.00,consumable,,false,blank-generic
Plaster of paris 10cm,POP 10cm,900.00,937.50,consumable,,true,
Plaster of paris 15cm,POP 15cm,1150.00,1265.00,consumable,,true,
Plone 5 tablet,Prednisone 5mg tablet,17.00,19.55,Antihistamine,Tablet,true,
povidone 100ml,povidone iodine,1350.00,1495.00,Antibiotic,,true,
power glucose 80gm,power glucose 80gm,420.00,490.00,consumable,,true,
PREDICT FERTILE DAYS TEST,OVULATION TEST,8200.00,9430.00,consumable,,true,
PREDINISOLONE,PREDINISOLONE EYE DROP,1630.00,1874.50,Ophthalmic,,true,
PREDIOLONE 10×10 tabs,prednisolone 5mg tab,18.00,20.70,Antihistamine,Tablet,true,
PREGASAFE 150,Pregaballin 150mg tab,450.00,495.00,Antidiabetic,,true,
PREGASAFE 75,Pregaballin 75mg caps,100.00,115.00,Psychotropic,Capsule,true,
PRESARTAN 50/12.5mg tab,Losatarn+hydrochlorothiazide tab,113.33,130.33,Antihypertensive,Tablet,true,
Pricostat cream,clotrimazole 2% cream,500.00,575.00,Antifungal,Cream,true,
PRIMOLUT N 5MG TAB,Norethisterone 5mg tab,816.67,839.17,Oxytocic / Gynaecology,Tablet,true,
Prinacol suspension,chloramphenicol suspension,1600.00,1800.00,Antibiotic,Suspension,true,
PRINAGYL Syrup,metronidazole syrup,950.00,1225.00,Antibiotic,Syrup,true,
PRINALYN ADUL 10mls,Prinalyne Adult syr (Diphenylhy),1100.00,1375.00,Antihistamine,Syrup,true,
prinalyn paediatric syrup,diphenhydramine hydrochloride syrup,1100.00,1215.00,Antihistamine,Syrup,true,
PRINAQUIN SYRUP,Quinine syrup 50mg/5ml,1650.00,2145.00,Antimalarial,Suspension,true,
PRINATRIM 100MLS,Cotrimoxazole susp,890.00,979.00,Antibiotic,Suspension,true,
PROBETA N,BETAMETHASONE EYE 7.5MLS,1470.00,1690.50,,,true,
Promethazine inj,promethazine inj,380.00,472.50,Antihistamine,,true,
PROMETHAZINE ORAL SUSPENSION 100ML,PROMETHAZINE,1700.00,1955.00,Analgesic,,true,
PROMETHAZINE TABS 25MG,,35.00,40.25,Psychotropic,,false,blank-generic
PROTONIX inj,Pantoprazole 40mg injection,1800.00,2070.00,Antacid / GI,Injection,true,
RABELOC 20mg tab,Rabeprazole 20mg tab,250.00,275.00,Antacid / GI,Tablet,true,
RAMGIC,Tramadol 50mg/2ml ampule,6500.00,7475.00,Analgesic,Injection,true,
RB TONE syrup,"iron,vitamin B complex, vitamin C syrup",5400.00,5940.00,Vitamin / Supplement,Syrup,true,
REDMINTIN 100mls,Amoxclav 228mg/5ml syrup,3900.00,4290.00,Antibiotic,Syrup,true,
REDMINTIN 2x7,Amoxclav 625mg tabs,3800.00,295.71,Antibiotic,Tablet,true,
RELAXO 30g,Diclofenac gel 30gm,650.00,747.00,Analgesic,Gel,true,
Relcer gel 100ml syrup,"alminiumhydroxide, magnesiumhydroxide, sulphates syrup",1400.00,1540.00,Antacid / GI,,true,
Relcer gel 180ml syrup,"alminiumhydroxide, magnesiumhydroxide, sulphates syrup",2900.00,3320.00,Antacid / GI,,true,
REPACE H 3x10 tabs,"Repace H (Losartan, hydrochlorot)",510.00,561.00,Antihypertensive,Tablet,true,
RL,Compound Sodium Lactate Infusion Bp 0.32g/100 ml Solution For Infussi,1000.00,1150.00,consumable,Injection,true,
ROHISOL Syrup,levamisole syrup,900.00,1035.00,Antiparasitic,Suspension,true,
ROSUVASTATIN 20MG TAB,ROSUVASTATIN,9500.00,10925.00,Antihypertensive,,true,
Roughrider,roughrider condom,2650.00,2915.00,consumable,,true,
Sac 1gm,Secnidazole 1gm tab,950.00,1045.00,Antiparasitic,,true,
SAFETELMI H 40/12.5,Telmisatarn 40mg + hydrochlorothiazide 12.5mg tab,2733.33,3143.33,Antihypertensive,Tablet,true,
SAFETELMI H 80/12.5,Telmisatarn 80mg + hydrochlorothiazide 12.5mg tab,2400.00,2760.00,Antihypertensive,Tablet,true,
safety syringe box,safety syringe box,1500.00,1725.00,consumable,,true,
Safi cream,"triamsinolone acetonide, econazole, gentamycin sulphate cream",2750.00,3100.00,Antifungal,Cream,true,
SALBUTAMOL  RESPULES 4X5 2.5MLS,ASTHALIN,21262.00,23286.35,Respiratory,,true,
SALBUTAMOL NEBULIZER RESPULES 4X5 2.5ML,SALBUTAMOL RESPULES,21262.00,24451.30,Respiratory,,true,
SALBUZEN,salbutamol 4mg tab,15.00,17.25,Respiratory,Tablet,true,
SALIMIA 60mls,Salimia liniment soln,2870.00,3157.00,Analgesic,Gel,true,
SAMSON 1'S,Arm sling tropical pouch,8800.00,9856.00,consumable,,true,
Sancef syrup,Cefalexin syrup,1600.00,1760.00,Antibiotic,Syrup,true,
SANDROX 100mls,Cefadroxil Suspension,4200.00,4620.00,Antibiotic,Suspension,true,
SANDROX 1x10,Cefadroxil 500mg caps,325.00,357.50,Antibiotic,Capsule,true,
SANTRIAX inj,Ceftriaxone 1gm injection,670.00,770.50,Antibiotic,Injection,true,
SCABOMA CREAM 25GM,,3100.00,3565.00,Dermatological,,false,blank-generic
SCALP VEIN BLUE  23G,SCALP VEIN,170.00,195.50,consumable,,true,
SCOTTS COD LIVER OIL EMULSION SCOTT ORANGE,CODLIVER,6500.00,7475.00,Vitamin / Supplement,,true,
SEDIKOF 100mls,"Sedikof (Dextrometh,Ephedrine)",1650.00,1850.00,Respiratory,Syrup,true,
SEDITON GREEN 100ml,Sediton cough linctus green,1950.00,2242.50,Respiratory,Syrup,true,
SEDITON YELLOW 100mls,Sediton syrup yellow,1700.00,1870.00,Antihistamine,Syrup,true,
SEROCORT INHALER - 125mg,Salmeterol+ fluticasone 125mg inhaler,21673.00,23841.00,Respiratory,,true,
SEROCORT INHALER -250MG,Salmeterol+ fluticasone 250mg inhaler,23212.00,25534.00,Respiratory,,true,
SHELADOL,paracetamol,15.00,17.25,Analgesic,,true,
SHELADOL 100mls,Paracetamol Suspension,1050.00,1312.50,Analgesic,Syrup,true,
SHELLYS 10X10,Chloramphenicol 250mg caps,77.00,84.70,Antibiotic,Capsule,true,
SHELTRIZINE 10×10 tabs,Cetrizene hydrochloride 10mg tab,12.00,13.80,Antihistamine,Tablet,true,
SHETRIM 10x10,Cotrimoxazole tabs,29.00,31.90,Antibiotic,Tablet,true,
SKIDERM 15GM,Skiderm cream small,1800.00,2242.50,Antifungal,Cream,true,
SKIDERM BIG 30GM,SKIDERM,2150.00,2656.50,Dermatological,Cream,true,
SKYTRIVIN 0.1% DROPS,Xylometa nasal drops,2800.00,3136.00,Respiratory,,true,
SKYTRIVIN PAEDIATRIC 10mls drops,Xylometa nasal drops 0.05%,2500.00,2800.00,Respiratory,,true,
SOLVIN SLN 100mls,Solvin (Bromhexine Elixir),2250.00,2475.00,Respiratory,Syrup,true,
SONADERM 10gm,Sonaderm cream,2550.00,2805.00,Antifungal,Cream,true,
SPAMCLOX 100MLS,Ampiclox susp india,1450.00,1595.00,Antibiotic,Suspension,true,
SPAMOX 100mls,Amoxycillin susp 125/5mls,790.00,908.00,Antibiotic,Suspension,true,
SPAMOX-DT 10x10,Amoxycillin for oral 250mg,58.00,66.70,Antibiotic,Tablet,true,
SPASTYNIN Tab,Oxybutynin chloride 5mg tab,2.86,3.29,Antihypertensive,Tablet,true,
SPIROLONE 5X10,Spironolactone 25mg tabs,154.00,192.50,Antihypertensive,Tablet,true,
SPOTCLAV 2x10 tabs,Amoxclav 375mg tabs,340.00,391.00,Antibiotic,Tablet,true,
SPOTCLAV 2x7,Amoxclav 625mg tabs,271.43,298.57,Antibiotic,Tablet,true,
stool container,stool container,150.00,172.50,consumable,,true,
STREPTOMYCIN 2GM INJECT,STREPTOMYCIN INJ,18900.00,21735.00,Antibiotic,,true,
SULBACTOMAX injection,Ceftriaxone+salbactam 5mg inj,1800.00,2034.00,Antibiotic,,true,
SULPHADAR 1x3 tabs,"Sulphadar (Sulfadoxn,pyrimetha)",233.33,256.67,Antimalarial,Tablet,true,
SULPHUR 25gm,Sulphur Ointment (ppt sulphur),850.00,935.00,Antiparasitic,Ointment,true,
SURGICAL BLADE 23G,SURGICAL BLADE 23G,11000.00,12100.00,consumable,,true,
SURGICAL GLOVES 7.5 KAICARE,SURGICAL GLOVES,380.00,437.00,consumable,,true,
SWAZI-250 1x6,Azithromycin 250mg tabs,175.00,201.17,Antibiotic,Tablet,true,
SYXTEN 2% 100mls,Carbocisteine 2% syrup,1575.00,1811.25,Respiratory,Syrup,true,
SYXTEN 5% 100mls,Carbocisteine 5% syrup,1650.00,1815.00,Respiratory,Syrup,true,
TASONE 15GM,Betamethasone cream,990.00,1138.00,Corticosteroid,,true,
TEARLIN 1% drop,Carmellose sodium 1% eye drop,2200.00,2530.00,Ophthalmic,Drops,true,
TERMIDOL syrup,Ibuprofen+paracetamol syrup,1700.00,2000.00,Analgesic,Syrup,true,
tetanus 0.5ml,,3500.00,4025.00,,,false,blank-generic
Tetrashel 250 caps,Tetracycline 250mg cap,65.00,71.50,Antibiotic,,true,
THEOCLAV SYRUP,Amoxyclav 228.5mg syrup,2900.00,3335.00,Antibiotic,Syrup,true,
TINIZ 500 tabs,Tinidazole 500mg tab,330.00,363.00,Antibiotic,,true,
TIZANIDINE 4MG TAB ROYSAN,TIZANIDINE 4MG,600.00,6900.00,Analgesic,,true,
Toffplus 2×10 caps,Toffplus caps,200.00,230.00,Analgesic,Capsule,true,
Toras 3×10 tab,Rotasemide 5mg tab,41.00,51.25,,,true,
Toto-mol syrup,paracetamol syrup,800.00,1020.00,Analgesic,Syrup,true,
TOTOLYN syrup 100ml,Totolyn (Dextromethorpha rn),1250.00,1375.00,Respiratory,Syrup,true,
TRANEXAMIC ACID,TRANEXAMIC ACID INJ 500mg,1300.00,1495.00,Cardiovascular,,true,
Transilipo CV Cream,Clotrimazole 2% vaginal cream,1250.00,1375.00,Antifungal,Cream,true,
TRIFIED 30mls syrup,Cetrizene hydrochloride syrup,990.00,1089.00,Antihistamine,,true,
TRIODERM 15GM,Trioderm cream,3100.00,3410.00,Antifungal,Cream,true,
TRUST LILY,Levonorgestrel+ethinylestradiol tab,700.00,805.00,Oxytocic / Gynaecology,Tablet,true,
UCIN 15gm,Hydrocortisone cream L,950.00,1092.50,Corticosteroid,,true,
UNIPEN REGAL 10X10,Pen v 250mg tabs,44.00,50.60,Antibiotic,Tablet,true,
UPT,Upt,110.00,121.00,,,true,
urine bag,urine bag,550.00,684.00,consumable,,true,
urine container,urine container,150.00,172.50,consumable,,true,
URINE DIPSTICK TEST,URINE DIPSTICK TEST,18000.00,21600.00,consumable,,true,
VACODIL 12.5 3X10,Carvedilol 12.5mg tabs,125.00,137.50,Antihypertensive,Tablet,true,
VALPARIN CHRONO 500,Sodium Valporate 500mg 100's,500.00,575.00,,,true,
VALPARIN-200 ALKALETS,Sodium Valporate 200mg 100's,230.00,264.50,Psychotropic,,true,
VICKS VAPOUR,Vicks vapour rub prince,800.00,920.00,consumable,,true,
visking syrup,herbal cough syrup,1600.00,1760.00,Respiratory,Syrup,true,
Vitacap caps,Vitacap caps,350.00,380.00,Vitamin / Supplement,,true,
Vitamin B complex injection,Vitamin B complex injection,1200.00,1380.00,Vitamin / Supplement,Injection,true,
Vitamin E cream,Vitamin E cream,25000.00,31250.00,Vitamin / Supplement,,true,
VIVIAN 50 10×10 tabs,Diclofenac sodium 50mg tabs,10.30,11.85,Analgesic,Tablet,true,
vivian gel,diclofenac+salicylate gel,3200.00,3780.00,Analgesic,Gel,true,
Vivian Plus 10×10 tabs,paracetamol500mg+diclofenac500mg tab,76.00,83.60,Analgesic,Tablet,true,
VOLIN GEL 30GM,VOLIN GEL (Diclofenac gel),3300.00,4125.00,Analgesic,Gel,true,
Vumtrex tabs,levamisole 40mg tabs,192.00,220.80,Antiparasitic,Tablet,true,
water for injection,water for inj,75.00,86.25,consumable,,true,
Water guard 1×10 tabs,Water guard 7mg tab,52.00,59.80,,,true,
whitefields jar,whitefields jar,600.00,720.00,Antifungal,Gel,true,
whitefields ointment,whitefields ointment,730.00,875.97,Antifungal,Gel,true,
WOMIBAN 400mg 1×1,Albendazole 400mg,380.00,418.00,Antiparasitic,Tablet,true,
WOODWARDS,Gripe water,2140.00,2354.00,Vitamin / Supplement,Syrup,true,
WORMNIL syrup,mebendazole syrup,900.00,954.00,Antiparasitic,Suspension,true,
WORMNIL tabs,mebendazole 100mg tabs,330.00,354.00,Antiparasitic,Tablet,true,
XSONE N eye/ear drop,neomycinsulphate+dexamethasonesodium+phosphate drop,880.00,1012.00,Corticosteroid,Drops,true,
YMOX 100mls,Amoxycillin susp EL,850.00,978.00,Antibiotic,Suspension,true,
ZECUF HERBAL LOZENGES 4X4,ZECUF LOZ,3150.00,3622.50,Vitamin / Supplement,,true,
ZECUF HERBAL LOZENGES LEMON FLAVOUR,ZECUF LOZ,3150.00,3622.50,Vitamin / Supplement,,true,
Zecuf sugar free syrup,Zecuf sugar free syrup,1700.00,2040.00,Respiratory,,true,
Zecuf syrup,zecuf syrup,1900.00,2185.00,Respiratory,Syrup,true,
Zenadol syrup,Paracetamol syrup,900.00,1062.00,Analgesic,Syrup,true,
Zenergy syrup,multivitamin syrup,1100.00,1265.00,Vitamin / Supplement,Syrup,true,
ZENILYN SYRUP,Theophylline oral solution,2000.00,2600.00,Respiratory,Syrup,true,
Zenkof syrup,zenkof syrup,2000.00,2300.00,Respiratory,Syrup,true,
ZENTEL,Albendazole 400mg tab,4800.00,5335.00,Antiparasitic,Tablet,true,
zentel syrup,Albendazole suspension,5100.00,5814.00,Antiparasitic,Suspension,true,
ZINAVIR 500 1X10,Cefuroxime 500mg tabs,750.00,825.00,Antibiotic,Tablet,true,
Zinc oxide plaster 7.5cm,Zinc oxide plaster 7.5cm,1900.00,2183.00,consumable,,true,
ZOP 5cm,,1400.00,1650.00,consumable,,false,blank-generic
Zop plaster 1.25cm,zinc oxide plaster,550.00,633.00,,,true,
ZOP Plaster 2.5cm,,850.00,978.00,consumable,,false,blank-generic
Zop plaster 7.5cm,Zop plaster 7.5cm,1900.00,2128.00,consumable,,true,
ZOSEC,Omeprazole 20mg caps,79.00,78.20,Antacid / GI,,true,
