,Brand Name,Generic Name,Unit Purchase Price,Selling Price,Category
,10cc,10cc syringe,TSh 125.00,TSh 143.75,consumable  -- Unspecified
,21st joint support 30's,joint support 30's,"TSh 18,620.00","TSh 21,413.00",Vitamin / Supplement
,2cc,2cc syringe,TSh 70.00,TSh 80.50,consumable  -- Unspecified
,5cc,5cc syringe,TSh 75.00,TSh 86.25,consumable  -- Unspecified
,AATROGYL 200MG TAB,Metronidazole 200 mg Tablets,TSh 14.80,TSh 17.02,Antibiotic
,ABBORI ear drop,Boric acid ear drop,TSh 990.00,"TSh 1,138.50",Antibiotic
,ABCHLOR drop,chloramphenicol eye drop,TSh 330.00,TSh 379.50,Ophthalmic  -- Drops
,ABITOL 10×10 tabs,Cyproheptadine 4mg tab,TSh 54.00,TSh 62.10,Antihistamine  -- Tablet
,ABITOL SYRUP,ARBITOL SYRUP,"TSh 2,100.00","TSh 2,373.00",Vitamin / Supplement  -- Syrup
,ABNAL nasal drops,Sodium Chloride 0.90% Nasal Spray,"TSh 1,400.00","TSh 1,610.00",Corticosteroid  -- Drops
,ABPARA IV,Paracetamol1% iv,"TSh 1,800.00","TSh 2,070.00",Analgesic  -- Injection
,ACEFEN 1×10 tabs,Aceclofenac 100mg tabs,TSh 45.00,TSh 51.75,Analgesic  -- Tablet
,ACICLOVIR CREAM 10gm,Aciclovir 5mg w/w cream,"TSh 1,500.00","TSh 1,725.00",consumable  -- Cream
,Acne free cream,tretinoin 0.5mg cream,"TSh 8,300.00","TSh 9,130.00",Dermatological
,ACRASONE 10GM,Acrasone cream,"TSh 3,000.00","TSh 3,450.00",Antifungal  -- Cream
,ACTION 2×50 tabs,"Aspirin, paracetamol,and caffein",TSh 61.00,TSh 70.15,Analgesic  -- Tablet
,ACYCLOVIR 200MG,Aciclovir tabs 200mg,TSh 95.00,TSh 109.25,
,ADACLIN GEL 20GM,Adapalene & Clindamycin Gel,"TSh 8,500.00","TSh 9,775.00",Antibiotic  -- Gel
,ADERAN 8mg 30's tabs,Candesartan 8mg tbs,TSh 256.67,TSh 282.34,Antihypertensive  -- Tablet
,Adol 125gm suppository,Paracetamol 125gm suppository,"TSh 5,250.00","TSh 6,037.50",Analgesic
,ADSONE 20GM,Mometasone 2% cream,"TSh 8,800.00","TSh 10,120.00",Analgesic
,AKSONE 1'S,Ceftriaxone 1gm iv,TSh 680.00,TSh 748.00,Antibiotic  -- Injection
,Alatrol syrup,cetrizen hydrochloride syrup,TSh 990.00,"TSh 1,138.50",Antihistamine  -- Syrup
,ALBASOL syrup,albendazole syrup,TSh 500.00,TSh 575.00,Antiparasitic  -- Suspension
,ALBEN 200mg 1×2 tabs,Albendazole 200g tab,TSh 270.00,TSh 304.75,Antiparasitic
,Albendazole 200mg FILAZOLE 1X2,,TSh 290.00,TSh 334.00,Antiparasitic
,albendazole suspension ABZee 10mls,,TSh 630.00,TSh 725.00,Antiparasitic
,ALBENDAZOLE SUSPENSION ANTHEL 10MLS,,TSh 680.00,TSh 782.00,Antiparasitic
,Albendazole suspension FILAZOLE SUS 10mls,,TSh 630.00,TSh 705.00,Antiparasitic
,ALEPROPEN 2.4 1'S (PENADUR),Benzathin penicillin,TSh 650.00,TSh 780.00,Antibiotic  -- Injection
,ALGIC P 3x10 tabs,"Algic P (Aceclofeac, paracetamo)",TSh 165.00,TSh 181.50,Analgesic  -- Tablet
,Alopron 100,Allopurinon 100mg tab,"TSh 13,700.00","TSh 1,569.75",Psychotropic
,Alopron 300,Allupurinon 300mg tab,"TSh 8,150.00","TSh 3,163.00",Psychotropic
,ALPHACLAV 2x7 tabs,Amoxclav 625mg tabs,"TSh 3,900.00",TSh 303.93,Antibiotic  -- Tablet
,ALPHACLAV DS Syrup,amoxyclav 228.5mg/5ml syrup,"TSh 5,000.00","TSh 5,750.00",Antibiotic  -- Syrup
,ALPRIM 100mls,Cotrimoxazole Susp,"TSh 1,100.00","TSh 1,265.00",Antibiotic  -- Suspension
,ALPRIM 10X10,Cotrimoxazole tabs,TSh 50.00,TSh 57.50,Antibiotic  -- Tablet
,Alrinast 5mg 10×10 tabs,Desloratadine 5 mg film coated tablets,TSh 196.67,TSh 226.17,Antihistamine  -- Tablet
,ALTAPHARM SUSP-Aluminium hydro ALTAPHARM 100mls,,"TSh 1,450.00","TSh 1,668.00",Antacid / GI
,ALUGEL syrup,Alminium hydroxide+magnessium tricillicate syrup,"TSh 1,600.00","TSh 1,760.00",Antacid / GI
,AMBRODIL 100mls,ambroxol hydrochloride syrup,"TSh 1,840.00","TSh 2,070.00",Respiratory  -- Syrup
,AMBRODIL DROP 15MLS,ambroxol hydrochloride drop,"TSh 1,575.00","TSh 1,840.00",Respiratory  -- Syrup
,AMBROSAN 100mls,Ambroxol hydrochloride syrup,"TSh 1,630.00","TSh 1,874.50",Respiratory  -- Syrup
,Aminophylline,Aminophylline 100mg tab,TSh 25.30,TSh 27.83,Respiratory  -- Tablet
,Amirol 25mg tab,Amitriptyline hydrochloride 25mg tab,"TSh 8,500.00","TSh 1,020.00",Antihypertensive  -- Tablet
,AMLIN-10 3x10,Amlodipine 10mg tabs,TSh 40.00,TSh 46.00,Antihypertensive  -- Tablet
,AMLOBERG 3X10,Amlodipine 5mg tabs,TSh 38.33,TSh 44.10,Antihypertensive  -- Tablet
,AMOXY + CLAVUNIC 625MG (CLAVAM),,"TSh 5,000.00","TSh 5,750.00",Antibiotic
,Amoxyclav 1.2 gm iv,Amoxicillin & clavulanic acid,"TSh 3,000.00","TSh 3,450.00",Antibiotic
,Amoxyclave 156.25 Syp,Amoxyclav 156.25mg suspension,"TSh 4,400.00","TSh 5,060.00",Antibiotic  -- Suspension
,AMPCLO-DAWA 100mls,Ampiclox susp,"TSh 1,350.00","TSh 1,485.00",Antibiotic  -- Suspension
,AMPICLO-DAWA 10x10,Ampiclox 500mg caps (Dawa),TSh 88.00,TSh 96.80,Antibiotic  -- Capsule
,AMPICLOX INJECTION,Ampiclox injection,TSh 800.00,TSh 920.00,Antibiotic  -- Injection
,AMPICLOX SYRUP (AXYLIN),,"TSh 1,650.00","TSh 1,897.50",Respiratory
,Ampimax Plus,Ampicillin Trihydrate And Cloxacillin Sodium 250/250 mg Injection,TSh 800.00,TSh 920.00,Antibiotic  -- Injection
,AMROXOL SYRUP 100ML(AMBROX),,"TSh 1,900.00","TSh 2,185.00",Respiratory
,AMYN DT 125 10X10,Amoxyclin 125mg for oral tabs,TSh 54.00,TSh 59.40,Antibiotic  -- Tablet
,ANGIZAAR-H 50/12.5mg tab,Losatarn+hydrochlorothiazide tab,TSh 360.00,TSh 130.33,Antihypertensive  -- Tablet
,ANOL 50 10x10,Atenolol 50mg tabs,TSh 24.00,TSh 27.60,Antihypertensive  -- Tablet
,ANTHEL 400mg 1×1 tab,Albendazole 400mg,TSh 267.00,TSh 307.00,Antiparasitic  -- Tablet
,Anusol suppository ANUSOL SUPP 12'S,,"TSh 13,000.00","TSh 14,300.00",Antacid / GI
,APDYL-H 100MLS,Apdyl H srup herbal cough,"TSh 1,890.00","TSh 2,079.00",Respiratory  -- Syrup
,APRINOX 10x10 tabs,Bendroflumethiazide 5mg,TSh 58.00,TSh 66.70,Antihypertensive  -- Tablet
,ARBIMAZOLE 10×10 tab,Carbamazepine 5mg tab,TSh 147.00,TSh 169.05,Antibiotic  -- Tablet
,ARH 60mls,Alu suspension (ARH),"TSh 3,150.00","TSh 3,465.00",Antimalarial  -- Suspension
,ARH-L 24,Artemether20mg+lumefantrine120mg tabs,TSh 900.00,"TSh 1,035.00",Antimalarial  -- Tablet
,AROXICAM 7.5MG,Meloxicam 7.5mg tab,TSh 95.00,TSh 109.25,
,ARTEQUICK 1X6,Artequick tabs,"TSh 1,375.00","TSh 1,512.50",Antimalarial  -- Tablet
,ASCARD 75 3×10 tabs,Acetylsalisylic acid-(Aspin Junior) 75mg tabs,TSh 57.33,TSh 65.93,Antihypertensive  -- Tablet
,ASCORBIC ACID,Vitamin c tab,TSh 85.00,TSh 93.50,Vitamin / Supplement  -- Tablet
,ASCORIL D 100mls,Ascoril D syrup,"TSh 1,900.00","TSh 2,185.00",Respiratory  -- Syrup
,ASOGRAIN 1X10,Vasograin tabs V,TSh 520.00,TSh 650.00,Analgesic  -- Tablet
,ASTHALIN,Salbutamol syrup,"TSh 1,100.00","TSh 1,265.00",Respiratory  -- Syrup
,ASTHALIN,Salbutamol inhaler,"TSh 4,900.00","TSh 5,720.96",Respiratory  -- Unspecified
,Atadyn syrup,loratadine syrup,"TSh 5,250.00","TSh 6,037.50",Antihistamine  -- Syrup
,Atorkey 3×10 20mg tabs,Atorvastatin 20 mg tablets,TSh 63.33,TSh 72.83,Cardiovascular  -- Tablet
,ATRAPID 1'S,Insuline inject soluble,"TSh 13,500.00","TSh 15,390.00",consumable
,ATSTAT 20mg 3×10 tabs,Atorvastatin 20mg tab,TSh 62.00,TSh 72.83,Antihypertensive  -- Tablet
,AUROXETIL 250 1×10 tabs,Cefuroxime 250MG tabs,TSh 700.00,TSh 780.00,Antibiotic  -- Tablet
,Austfluzol,"Fluconazole, 150 mg, Tablets",TSh 300.00,TSh 375.00,Antifungal  -- Tablet
,AXITROL eye drop,Maxitrol eye drop,"TSh 7,200.00","TSh 7,920.00",Antibiotic
,Axylin 10×10 caps,ampicillin+cloxacillin tabs,TSh 83.00,TSh 95.45,Antibiotic  -- Tablet
,AZICURE 1x3,Azithromycin 500mg tabs,TSh 483.33,TSh 556.00,Antibiotic  -- Tablet
,Azilin syrup,Azithromycin syrup,"TSh 2,250.00","TSh 2,587.50",Antibiotic  -- Syrup
,Azito Suspension,Azithromycin 200 mg/5 mL Dry Powder For Suspension,"TSh 3,200.00","TSh 3,680.00",Antibiotic  -- Suspension
,AZUMA 2x3 tabs,Azithromycin 250mg (azuma),TSh 208.33,TSh 239.67,Antibiotic  -- Tablet
,AZUMA500 1×3,Azithromycin 500mg tabs,TSh 550.00,TSh 632.50,Antibiotic  -- Tablet
,Baby gripe,gripe water,TSh 950.00,"TSh 1,093.00",Vitamin / Supplement  -- Syrup
,BACSTIFF 10mg 3×10 tabs,Baclofen 10mg tab,TSh 260.00,TSh 299.00,Analgesic  -- Tablet
,BACTROKANT 15gm ointment,Mupirocin ointment,"TSh 3,000.00","TSh 3,450.00",Antibiotic
,BENPHAM syrup,albendazole syrup,TSh 680.00,TSh 748.00,Antiparasitic  -- Suspension
,BENYLIN 100mls,Benylin dry cough syrup,"TSh 12,600.00","TSh 14,490.00",Respiratory  -- Syrup
,BENYLIN 4FLUE 200mls,Benylin syrup 4flue big,"TSh 17,900.00","TSh 20,585.00",Respiratory  -- Syrup
,Benylin-pediatric syrup,Benylin-pediatric syrup,"TSh 12,500.00","TSh 13,750.00",Respiratory  -- Syrup
,Benzox Forte Cream 20gm,Benzoyl peroxide cream,"TSh 2,800.00","TSh 3,220.00",Dermatological  -- Cream
,Benzox Gel 2.5gm,Benzoyl peroxide 2.5% gel,"TSh 2,200.00","TSh 2,530.00",Dermatological  -- Gel
,BESICOR -10,Bisoprolol 10mg,TSh 366.67,TSh 421.67,Antihypertensive
,"BESICOR -10 3X10, Bisoprolol 10mg tabs",,"TSh 11,000.00","TSh 12,650.00",Antihypertensive
,BETACORT N 15GM,"BETACORT N (Betametha,neomycin)","TSh 2,150.00","TSh 2,473.00",Corticosteroid  -- Unspecified
,BETAD 15gm,Betamethasone cream,TSh 790.00,TSh 909.00,Corticosteroid  -- Unspecified
,BETADERM cream,betamethasone cream,"TSh 2,500.00","TSh 2,875.00",Analgesic  -- Gel
,BETADERM NM CREAM,miconazole nitrate + neomycin sulphate+ betamethasone cream,"TSh 1,900.00","TSh 2,182.00",Antifungal  -- Cream
,BEZIC OINT 30gm,"Bezic oint (Betametha, salicyl)","TSh 4,100.00","TSh 4,715.00",Corticosteroid  -- Ointment
,BGL ADULT DIAPER,ADULT DIAPER,"TSh 10,500.00","TSh 18,900.00",consumable
,Binafin cream,Terbinafine cream,"TSh 2,100.00","TSh 2,310.00",Antifungal  -- Cream
,Binafin tab,terbinafin 250mg tab,"TSh 1,300.00",TSh 149.50,Antifungal  -- Tablet
,BROZEN 100mls,Brozen cough syrup,"TSh 1,900.00","TSh 2,090.00",Respiratory  -- Syrup
,BRUMOX 10x10,Amoxyclin 250mg caps,TSh 32.00,TSh 36.80,Antibiotic  -- Capsule
,BRUSTAN 1×10,Diclofenac+ibuprofen tabs,TSh 179.00,TSh 196.90,Analgesic  -- Tablet
,BURN CREAM 20G,Silver sulfadiazine cream,"TSh 1,250.00","TSh 1,375.00",Antibiotic  -- Cream
,BURNOX 30gm,BURNOX (Silver sulfadia cream),"TSh 2,000.00","TSh 2,300.00",Antibiotic  -- Cream
,calaminE,calamin zink oxide,TSh 700.00,TSh 980.00,
,CALCHEM 3x10 tabs,Amlodipine 10mg,TSh 95.00,TSh 109.27,Antihypertensive  -- Tablet
,CALCIMAG,Calcimag,"TSh 5,500.00",TSh 204.02,Vitamin / Supplement
,CALCIMAG,"CALCIUM,ZINC ,MAGNESIUM ,VITA D","TSh 5,250.00","TSh 6,037.50",Vitamin / Supplement
,Calcivita,"Calcium, vitamin A+D capsules",TSh 228.00,TSh 254.00,Vitamin / Supplement  -- Capsule
,CALPO 100mls,Calpo (Paracetamol syp big),"TSh 6,363.00","TSh 6,999.00",Analgesic  -- Syrup
,CALPOL 60mls,Calpo (Paracetamol syp small),"TSh 4,300.00","TSh 4,945.00",Analgesic  -- Syrup
,CANDEZ 16 3X10,Candesartan 16mg tabs,TSh 433.33,TSh 476.67,Antihypertensive  -- Tablet
,Candez 8mg tab,Camdesartan 8mg tab,TSh 99.00,TSh 123.75,
,CANDIBIOTIC EAR DROPS 5ML,,"TSh 5,800.00","TSh 6,670.00",Antibiotic
,Candid B cream 15gm,Clotrimazole cream,"TSh 3,200.00","TSh 3,648.00",Antifungal  -- Cream
,Cannula 16G,,TSh 210.00,TSh 242.00,consumable
,CANNULA 18G GREEN,CANNULA 18G,TSh 210.00,TSh 241.00,consumable  -- Unspecified
,CANNULA 20G PINK,CANNULA 20G,TSh 210.00,TSh 241.00,consumable  -- Unspecified
,CANNULA 22G BLUE,CANNULA 22G,TSh 210.00,TSh 241.50,consumable  -- Unspecified
,CANNULA YELLOW 24 G,CANNULA 24G,TSh 200.00,TSh 241.50,consumable  -- Unspecified
,CAPRIL-25,Captopril 25mg tab,TSh 720.00,TSh 792.00,Antihypertensive
,CAPTOPRIL-25 10x10,Captopril 25mg tabs,TSh 72.00,TSh 79.20,Antihypertensive  -- Tablet
,Carbamazepine 200mg 10×10 tabs,Carbamazepine 200mg tabs,TSh 78.00,TSh 85.80,Analgesic  -- Tablet
,Carbimazole 10×10 tabs,Carbimazole 5mg tab,TSh 142.00,TSh 163.30,Antihypertensive  -- Tablet
,CARDIONE 25 5x10,Spironolactone 25mg tabs,TSh 100.00,TSh 110.00,Antihypertensive  -- Tablet
,Cardoz 12.5mg tab,Carvedilol 12.5mg tab,TSh 151.20,TSh 241.92,
,CARDOZ 2x14,Carvedilol 6.25mg tabs,TSh 114.29,TSh 125.71,Antihypertensive  -- Tablet
,carofit Tabs 30's vitamin and minerals,"Carrot extract 100mg, ascobic acid 150mg",TSh 293.33,TSh 337.33,Vitamin / Supplement
,CARVILIN 3x10 tabs,Carvedilol 12.5mg (Lincolin),TSh 112.00,TSh 123.20,Antihypertensive  -- Tablet
,Catheter 18G,Folley catheter 18G,TSh 800.00,TSh 920.00,consumable
,Catheter 22G,Folley catheter 22G,"TSh 1,200.00","TSh 1,356.00",consumable
,CEEPRO eye/ear drop,ciprofloxacin eye/ear drop,"TSh 1,100.00","TSh 1,210.00",Ophthalmic  -- Drops
,CEFIXIME SYRUP,CEFIXIME  SYRP 100ML,"TSh 5,600.00","TSh 6,440.00",
,CEFLEX 250 10×10 caps,Cephalexin250mg cap,TSh 0.76,TSh 83.60,Antibiotic  -- Capsule
,CEFLEX DS 125 100mls,Cephalexin 125mg/5mls susp,"TSh 1,450.00","TSh 1,595.00",Antibiotic  -- Suspension
,CEFTRIAXON & SALBACTAM 1.5MG,CEFTRIAXONE & SALBACTAM,"TSh 1,800.00","TSh 2,250.00",Antibiotic
,CHESTCOF 100mls,Chestcof syrup,"TSh 2,540.00","TSh 2,794.00",Respiratory  -- Syrup
,CHESTCOF 2×50 tabs,Chestcof,TSh 80.00,TSh 88.00,Respiratory  -- Tablet
,CIFLOX 500mg 10×10 tabs,Ciprofloxacin 500mg tabs,TSh 52.00,TSh 57.20,Antibiotic  -- Tablet
,CIPRO CT 1x10 tabs,"Ciprofloxacillin, Tinidazole",TSh 450.00,TSh 495.00,Antibiotic  -- Tablet
,Cital liquid,sodiun citrate syrup,"TSh 5,500.00","TSh 6,050.00",Antibiotic  -- Syrup
,CLARIX 2X7,Clarithromycin 500mg tabs,TSh 935.71,"TSh 1,029.29",Antibiotic  -- Tablet
,Clavam suspension,Amoxyclav suspension,"TSh 3,200.00","TSh 3,840.00",Antibiotic
,CLOBEDERM 10gm,Clobetasol propionate cream,"TSh 1,960.00","TSh 2,156.00",Corticosteroid  -- Unspecified
,Clomitab,clomifene 50mg tab,TSh 280.00,TSh 308.00,Oxytocic / Gynaecology  -- Tablet
,CLONAPIN 2,Clonazepam 2mg tab,TSh 366.67,TSh 403.34,Analgesic
,"CLOPIDOWEL 75,",Clopidogrel 75mg,TSh 90.00,TSh 103.50,Antihypertensive
,"CLOPIDOWEL 75, 3X10 Clopidogrel 75mg tabs",,"TSh 2,700.00","TSh 3,105.00",Cardiovascular
,CLORIFORT 1x6,Clotrimazole V pessaries,TSh 130.00,TSh 150.15,Antifungal  -- Pessary
,CLOTRIMAZOLE POWDER 30GM (CANDID),,"TSh 3,200.00","TSh 3,680.00",Antifungal
,Codimex-CT tab,Cetrizene 10mg tab,TSh 16.00,TSh 17.60,Antihistamine  -- Tablet
,COFFNIL SYRP 100mls,"Coffnil (Ocimum,Glycy,Zing)","TSh 1,650.00","TSh 1,897.00",Respiratory  -- Syrup
,COLD - OFF CAPS,cold off capsules,TSh 850.00,TSh 97.80,Antihistamine
,COLDRIL 100mls,Coldril syrup,"TSh 1,650.00","TSh 1,815.00",Antihistamine  -- Syrup
,COLDRIL 2x10,Coldril caps,TSh 85.00,TSh 93.50,Analgesic  -- Capsule
,cotton wool 100gm,cotton wool 100gm,TSh 950.00,"TSh 1,093.00",consumable  -- Unspecified
,Cotton wool 200gm,,"TSh 1,800.00","TSh 2,070.00",consumable
,cotton wool 25mg,,TSh 400.00,TSh 460.00,consumable
,cotton wool 500gm,cotton wool 500gm,"TSh 2,600.00","TSh 2,915.00",consumable  -- Unspecified
,cotton wool 50gm,cotton wool 50gm,TSh 500.00,TSh 575.00,consumable  -- Unspecified
,COZEPAM 5mg 10×10 tabs,diazepam 5mg tab,"TSh 3,150.00",TSh 36.23,Analgesic  -- Tablet
,CREAM CANDID B 15GM,,"TSh 3,700.00","TSh 4,255.00",Antifungal
,crepe bandage 10cm,crepe bandage 10cm,TSh 900.00,"TSh 1,035.00",consumable
,crepe bandage 15cm,crepe bandage 15cm,"TSh 1,200.00","TSh 1,380.00",consumable
,crepe bandage 7.5cm,crepe bandage 7.5cm,TSh 700.00,TSh 805.00,consumable
,CUPIKIT 25'S - MRDT,Malaria test kit,"TSh 17,500.00","TSh 19,250.00",consumable
,D5,Glucose Iv Infusion Bp 5% W/V 0.05 Solution For Infussion,TSh 900.00,"TSh 1,035.00",consumable  -- Injection
,D50,Iv dextrose 50%,"TSh 3,000.00","TSh 3,450.00",consumable
,DAWA TATU 10X10,Dawa tatu tabs,TSh 88.00,TSh 96.80,Analgesic  -- Tablet
,Dawa ya mba,dawa ya mba,TSh 630.00,TSh 724.50,Dermatological
,DAZOLIC tab,Ornidazole 500mg tab,TSh 485.00,TSh 495.50,Antacid / GI  -- Tablet
,DEEP FREEZE 150MLS,Deep freeze spray,"TSh 19,800.00","TSh 21,780.00",Analgesic  -- Gel
,DEEP HEAT RUB 35gm,Deep heat Rub Medium,"TSh 9,500.00","TSh 10,450.00",Analgesic  -- Gel
,DEEP HEAT SPRAY 150ML,Deep heat spray,"TSh 17,500.00","TSh 19,250.00",Analgesic  -- Gel
,DELASED 100mls,Delased syrup paediatric,"TSh 2,200.00","TSh 2,310.00",Respiratory  -- Syrup
,Depin E Retard tab,Nifedipine 20mg tab,TSh 250.00,TSh 310.00,Antihypertensive  -- Tablet
,DERMAZOLE 2% shampoo,Ketoconazole shampoo,"TSh 5,100.00","TSh 5,865.00",consumable
,DERMIDEX Cream,miconazole nitrate cream,TSh 800.00,TSh 985.00,Antifungal  -- Cream
,DEXAMED,Dexamethasone 0.5mg tab,TSh 99.00,TSh 113.85,Antihistamine  -- Tablet
,DEXWIN drop eye/ear drop,dexamethasone + neomycin drop eye/ear drop,"TSh 1,100.00","TSh 1,210.00",Corticosteroid  -- Drops
,DIAMIDE,Glibenclamide 5/500mg Metformin,TSh 150.00,TSh 172.50,Antidiabetic
,"DIAMIDE 12X10, Glibenclamide 5/500mg Metformin",,"TSh 18,000.00","TSh 20,700.00",Antidiabetic
,DIAPER MEDIUM,DIAPER MEDIUM,"TSh 10,500.00","TSh 18,900.00",consumable
,DIAPERS L,DIAPER L,"TSh 10,500.00","TSh 18,900.00",consumable
,DICLODAY 30gm,Dicloday gel (Diclof&Serratiop),"TSh 1,450.00","TSh 1,595.00",Analgesic  -- Gel
,DICLODAY GEL 20GM,Dicloday gel,"TSh 1,000.00","TSh 1,150.00",Analgesic  -- Gel
,DICLOKANT 20gm gel,Diclofenac 20gm gel,TSh 550.00,TSh 634.00,Analgesic  -- Gel
,DICLOKANT HC GEL 30gm,Diclofenac gel 30gm,"TSh 1,400.00","TSh 1,610.00",Analgesic  -- Gel
,DICLOPAR 10×10 tabs,diclofenac+paracetamol tabs,TSh 35.00,TSh 38.50,Analgesic  -- Tablet
,DICLOPAR GEL 30gm,Diclopar gel BP shellys,"TSh 2,000.00","TSh 2,300.00",Analgesic  -- Gel
,DICLOPAR MR 1x10,Diclopar tabs (DICLOPAR MR),TSh 120.00,TSh 132.00,Analgesic  -- Tablet
,DICLORAN 20gm,Diclofenac gel,TSh 550.00,TSh 632.00,Analgesic  -- Gel
,DICLORAN 50mg 10×10 tabs,Diclofenac 50mg tabs,TSh 10.50,TSh 12.07,Analgesic
,Digital thermometer,Digital thermometer,"TSh 3,800.00","TSh 4,370.00",consumable  -- Unspecified
,Dikon,Diclofenac 75 mg/ 3 ml Injection,TSh 180.00,TSh 225.00,Analgesic  -- Injection
,DIOFLUVIN 500mg tab,Griseofulvin 500mg tab,TSh 190.00,TSh 209.00,Antifungal
,Dns,Dextrose + Sodium Chloride 0.9% + 5% w/v Solution For Infussion,"TSh 1,100.00","TSh 1,150.00",consumable  -- Unspecified
,Dolomol suspension,Paracetamol 100mls suspension,TSh 750.00,TSh 863.00,Analgesic
,Dolomol tabs,Paracetamol 500mg tab,TSh 11.00,TSh 13.75,Analgesic  -- Tablet
,DOMPERIDONE TABS DOMSTAL 1*10,DOMPERIDONE,TSh 990.00,"TSh 1,138.50",Analgesic
,DORZAWELL-T 5ml,Dorzolamide 2%+ Timolol 0.5% drop,"TSh 13,000.00","TSh 15,000.00",Antihistamine
,Doulfenac tabs,Diclofenac+paracetamol tab,TSh 30.00,TSh 33.00,Analgesic  -- Tablet
,DOXIN-SHELYS 10x1,Doxycycline 100Mg caps -shel,TSh 44.00,TSh 50.60,Antibiotic  -- Capsule
,DOXY 10×10 caps,Doxycicline 100mg cap,TSh 44.00,TSh 50.60,Antibiotic  -- Capsule
,DR COLD 100mls,Dr.cold syrup,"TSh 2,200.00","TSh 2,300.00",Respiratory  -- Syrup
,DR COLD 4X25,Dr.cold tabs,TSh 73.50,TSh 80.85,Analgesic  -- Tablet
,DROX 100mls,Cefadroxil Suspension,"TSh 4,300.00","TSh 4,730.00",Antibiotic  -- Suspension
,DROX 1x10 caps,Cefadroxil caps 500mg,TSh 325.00,TSh 373.75,Antibiotic  -- Capsule
,DUFENAC 1x10,Diclofenac 75mg capsules,TSh 30.00,TSh 34.50,Analgesic  -- Capsule
,DUO COTEXIN 1X9,Duo cotexin tabs adult,TSh 922.22,"TSh 1,014.44",Antimalarial  -- Tablet
,DUO COTEXIN PAED 1x6,Duo Cotexin paediatric tablets,TSh 119.45,"TSh 1,521.67",Antimalarial  -- Tablet
,duphastone 1×20 tabs,duphaston tabs,"TSh 1,000.00","TSh 1,250.00",Oxytocic / Gynaecology  -- Tablet
,EKELFIN 1x2 tabs,EKELFIN (Sulfamethox/pyrimetham),TSh 850.00,TSh 935.00,Antimalarial  -- Tablet
,ELYCORT 15GM,Hydrocortisone cream E,"TSh 1,590.00","TSh 1,828.50",Corticosteroid  -- Unspecified
,Elymox suspension,Amoxicillin suspension,"TSh 1,000.00","TSh 1,200.00",Antibiotic
,Elyvate ointment,Betamethasone ointment,"TSh 1,100.00","TSh 1,320.00",Antifungal
,EMDELYN ADULT 100mls,Emdelyn syrup adult,"TSh 1,700.00","TSh 1,870.00",Respiratory  -- Syrup
,EMDELYN P 100mls,Emdelyn syrup paediatric,"TSh 1,700.00","TSh 1,870.00",Respiratory  -- Syrup
,Emdeplex 10×10 tabs,Vitamin B complex tabs,TSh 13.50,TSh 15.53,Vitamin / Supplement  -- Tablet
,EMFORAL 10x10 tabs,Propanolol 40mg (cyprus),TSh 99.00,TSh 123.75,Antihypertensive  -- Tablet
,ENAT 400 tabs,natural vitamin E 400mg tab,TSh 833.33,TSh 958.33,Vitamin / Supplement  -- Tablet
,ENEMAX 120mls,Enemax solution,"TSh 5,550.00","TSh 6,105.00",Antacid / GI  -- Unspecified
,Eno 10×10 tabs,Eno tablets,"TSh 1,200.00",TSh 138.00,Antacid / GI  -- Tablet
,ENO lemon sachet,Enno sachet,TSh 300.00,TSh 345.00,Antacid / GI
,Entezma Oint 30gm,Betamethasone + Salicylic acid ointment,"TSh 4,800.00","TSh 5,280.00",Corticosteroid  -- Ointment
,EPNONE 3x10,Eplerenone 25mg tabs,"TSh 1,933.33","TSh 2,126.67",Antihypertensive  -- Tablet
,Erecto 100,sildenafil citrate 100mg tab,"TSh 2,685.00","TSh 2,953.50",Antihypertensive  -- Tablet
,Erecto 50,sildenafil citrate 50mg tab,"TSh 1,538.00","TSh 1,799.00",Antihypertensive
,Erythromin suspension,Erythromycin suspension,"TSh 1,400.00","TSh 1,600.00",Antibiotic  -- Suspension
,Erythromin tablet,Erythromycin 500mg tab,TSh 80.00,TSh 91.20,Antibiotic  -- Tablet
,ESOMEPRAZOLE 20MG  3X10,ESOMEPRAZOLE,"TSh 3,800.00","TSh 4,370.00",Antacid / GI
,ESOMEPRAZOLE 40MG TAB,ESOMEPRAZOLE,"TSh 5,500.00","TSh 6,325.00",Antacid / GI
,eusol solution 100ml,Eusol solution,TSh 390.00,TSh 448.50,consumable
,EXAMINATION GLOVES,Examination gloves,"TSh 6,300.00","TSh 7,245.00",consumable  -- Unspecified
,EXPEN inj,Benzylpenicilline sodium inj,TSh 977.00,TSh 991.00,Antibiotic  -- Injection
,FABRIC PLASTER,Mediplastar strip,TSh 27.00,TSh 26.25,consumable
,FASTUM GEL big,Diclofenac gel,"TSh 5,250.00","TSh 6,090.00",Analgesic  -- Gel
,FEBUDAY 3x10,Febuxostat 40mg tabs,TSh 283.33,TSh 311.67,consumable  -- Tablet
,Ferrolic-Fefo tabs,Ferrous sulfate and folic acid tab,TSh 31.00,TSh 34.10,Vitamin / Supplement  -- Tablet
,FERROTONE Caps,"iron, follic acid, vitamin B12 tab","TSh 10,000.00","TSh 11,500.00",Vitamin / Supplement  -- Tablet
,FIMABUTE,Cefixime 200mg,TSh 345.00,TSh 396.80,Antibiotic
,"FIMABUTE 1X10, Cefixime 200mg tabs",,"TSh 3,450.00","TSh 3,968.00",Antibiotic
,FINAGEN 3x10,Finasteride 5mg tabs,TSh 293.33,TSh 322.67,consumable  -- Tablet
,FISH OIL CAP,FISH OIL,"TSh 24,500.00","TSh 27,600.00",
,FIXIM,Cefixime 400mg,TSh 770.00,TSh 885.50,Antibiotic
,"FIXIM-400 1X10, Cefixime 400mg tabs",,"TSh 7,700.00","TSh 8,855.00",Antibiotic
,FIXINECT 100mls,Cefixime Susp 100MG/5ML,"TSh 7,500.00","TSh 8,625.00",Antibiotic  -- Suspension
,FIXINECT 1X10,Cefixime 400mg tabs,TSh 840.00,TSh 966.00,Antibiotic  -- Tablet
,Flamar-MX 1×10 tabs,diclofenac+paracetamol+chlorzoxazone tab,TSh 370.00,TSh 414.40,Analgesic  -- Tablet
,Flamingo 1's,Arm sling paediatric -M,"TSh 11,400.00","TSh 13,110.00",consumable
,FLUCAMOX 4x4 caps,Flucamox caps (Amoxyc+Fluclox),TSh 462.50,TSh 481.25,Antibiotic  -- Capsule
,FLUCAMOX SUSP 80ls,Flucamox (Amoxycillin+Flucloxac),"TSh 5,500.00","TSh 6,325.00",Antibiotic  -- Suspension
,Flucan 150mg tab 1×1,Fluconazole 150mg tabs,TSh 620.00,TSh 609.50,Antifungal  -- Capsule
,Flucoz 150mg 1×1 tab,Fluconazole 150 mg Uncoated Tablets,TSh 300.00,TSh 324.90,Antifungal  -- Tablet
,Flumox suspension,Amoxycilline+ flucoxacilin suspension,"TSh 6,000.00","TSh 6,720.00",Antibiotic  -- Suspension
,Fluticasone nasal spray,Fluticasone nasal spray,"TSh 9,900.00","TSh 10,890.00",Corticosteroid
,Folic acid 5mg 10×10 tabs,Folic acid,"TSh 1,400.00","TSh 1,391.00",Vitamin / Supplement  -- Tablet
,FUBEN -P syrup,Ibuprofen + paracetamol syrup,"TSh 1,800.00","TSh 2,000.00",Analgesic  -- Syrup
,FUCOL,Fluconazole inj,"TSh 1,760.00","TSh 2,266.65",Antifungal
,FUNBACT-A 30GM CR,"FUNBACT-A (Betame,clotri,neomy)","TSh 2,200.00","TSh 2,530.00",Antifungal  -- Cream
,FUNGISTAT 15GM,Miconazole 2% cream,"TSh 1,590.00","TSh 1,829.00",Antifungal
,FUROSEMIDE 40mg 100's tabs,Furosemide 40mg tabs,TSh 24.50,TSh 26.95,Antihypertensive  -- Tablet
,GAUZE BANDAGE 7.5CM,,"TSh 1,450.00","TSh 1,667.50",consumable
,GAUZE ROLL 90CM X 100YRD BGL 1'S,GAUZE,"TSh 22,000.00","TSh 25,300.00",consumable
,GAUZE ROLL 90CM X 5YRD BGL 1'S,,"TSh 2,350.00","TSh 2,702.50",consumable
,Gemer1,Glibenclamide 1mg tab+metformin hydrochloride 500mg tab,TSh 540.00,TSh 615.60,Antidiabetic  -- Tablet
,Gemer2,Glibenclamide 2mg tab+metformin hydrochloride 500mg tab,TSh 550.00,TSh 627.00,Antidiabetic  -- Tablet
,Gentalene-C cream,"betamethasone dipropionate, gentamycin sulphate, and clotrimazole cream","TSh 2,500.00","TSh 2,750.00",Antifungal  -- Cream
,GENTALPHA inj,Gentamycin 80mg/2ml inj,TSh 115.00,TSh 132.25,Antihistamine
,GENTAMICIN SULPHATE CREAM 10gm,Gentamicin sulphate cream 10gm,"TSh 2,400.00","TSh 2,640.00",Antibiotic  -- Cream
,GENTRIDEM 10GM,"GENTRIDEM (Betameth,Clotrim,Ge)","TSh 2,750.00","TSh 3,025.00",Antifungal  -- Cream
,Gentriderm cream,"betamethasone, clotrimazole, gentamycin cream","TSh 2,750.00","TSh 3,025.00",Antifungal  -- Cream
,Gentrisone 10gm cream,Gentrisone 10gm cream,"TSh 2,800.00","TSh 3,150.00",Antifungal  -- Cream
,Gesic ADL-Ibuprofen tabs,Ibuprofen 200mg tab,TSh 20.00,TSh 21.00,Analgesic  -- Tablet
,GILOBA MEGA 40mg tab,GinkoGiloba Extract 40mg tab,TSh 796.67,TSh 876.33,Vitamin / Supplement
,GINSOMIN tabs,multivitamin+mineral suppliments tabs,TSh 833.33,TSh 958.33,Vitamin / Supplement  -- Tablet
,giving set,infusion set,TSh 270.00,TSh 345.00,consumable
,GLAUCONIL 10mls eye drop,Latanoprost 0.005% eye drop,"TSh 12,000.00","TSh 13,800.00",Antibiotic
,GLENDES 3×10 tabs,Desloratadine 5 mg tabs,TSh 183.33,TSh 210.83,Antihistamine  -- Tablet
,GLITISOL 5mg tab,Glibenclamide 5mg tab,TSh 77.00,TSh 84.70,Antidiabetic  -- Tablet
,GLUCONAVII 1's strips,BCG machine,"TSh 27,500.00","TSh 31,625.00",consumable
,GLUCOPLUS,Blood glucose test trip,"TSh 34,500.00","TSh 39,600.00",consumable
,GMYCIN 1's,Gentamycin injection 80MG/2ML,TSh 135.00,TSh 155.25,Antibiotic  -- Injection
,Gofen 200mg 6×10 tabs,"Ibuprofen 200 mg Capsules, Soft",TSh 525.83,TSh 560.00,Analgesic  -- Capsule
,GOODMORNING 60mls,Good morning syr (Lung tonic),"TSh 1,690.00","TSh 1,870.00",Respiratory  -- Syrup
,Gynazole pessaries,miconazole nitrate 400mg pessaries,"TSh 5,500.00","TSh 6,050.00",Antifungal  -- Tablet
,GYNAZOLE V CRM (Miconazole v cre GYNOZOL V CRM 4Og,,"TSh 5,500.00","TSh 6,050.00",Antifungal
,GYNEX pessaries,"metronidazole,miconazole nitrate vaginal tabs","TSh 8,800.00","TSh 9,680.00",Antifungal  -- Tablet
,HEDEX 10x10,Hedex tabs,TSh 73.00,TSh 81.70,Analgesic  -- Tablet
,HEKOCET TAB,Cetrizene hydrochloride 10mg tab,TSh 15.50,TSh 17.82,Antihistamine  -- Tablet
,HELIGO KIT 7X6,Heligo kit 500mg tabs,TSh 666.67,TSh 733.33,Antacid / GI  -- Tablet
,HEMATONE syrup,"vitamin B12, follic acid, manganese syrup","TSh 2,900.00","TSh 3,364.00",Vitamin / Supplement  -- Syrup
,HEMOVIT SYRUP,"Vitamin B6,B12,iron,follic acid syrup","TSh 3,500.00","TSh 4,025.00",Vitamin / Supplement  -- Syrup
,HI-ALFA SR 3×10 tabs,Alfuzosin hydrochloride 10mg tab,TSh 350.00,TSh 402.50,Antibiotic  -- Tablet
,HIV Rapid test,HIV test,"TSh 25,000.00","TSh 30,000.00",consumable
,HOLOPERIDOL 1.5MG TABS,,"TSh 6,100.00","TSh 7,015.00",Cardiovascular
,Hovid - intraconazole caps,Intraconazole 100mg caps,TSh 589.30,TSh 648.21,Antifungal
,HYDOPA 250 TABS,Methyldopa 250mg tabs,TSh 1.12,TSh 1.29,Antihypertensive  -- Tablet
,Hydrocortisone injection,Hydrocortisone injection,TSh 725.00,TSh 862.50,Antihistamine
,HYDROGEN 100mls,Hydrogen 3%(10V) mouthwash,TSh 360.00,TSh 414.00,consumable  -- Unspecified
,hydrogen peroxide 6%,hydrogen peroxide 6%,TSh 360.00,TSh 414.00,consumable  -- Unspecified
,HYDROGEN PEROXIDE EAR DROPS 15ML,,TSh 850.00,TSh 977.50,Dermatological
,Hyoscine tabs,Hyoscine tabs,TSh 69.50,TSh 79.93,Analgesic  -- Tablet
,IBUMEX 100ml syrup,Ibuprofen syrup,"TSh 1,760.00","TSh 1,495.00",Analgesic  -- Syrup
,Ibumex 200mg tabs,Ibuprofen 200mg tab,TSh 19.80,TSh 24.75,Analgesic  -- Tablet
,IBUMEX 60ml syrup,ibuprofen syrup,"TSh 1,400.00","TSh 1,610.00",Analgesic  -- Syrup
,ILET B1,Glibenclamide 1mg tab+metformin hydrochloride 500mg tab,"TSh 3,166.67","TSh 3,641.67",Antidiabetic  -- Tablet
,ILET B2,Glibenclamide 2mg tab+metformin hydrochloride 500mg tab,"TSh 2,933.33","TSh 3,373.33",Antidiabetic  -- Tablet
,Imipramine 25mg,imipramine chloride 25mg tab,TSh 132.00,TSh 150.48,Corticosteroid
,Indart 30plus Inj.,Artesunate 30mg injection,"TSh 1,300.00","TSh 1,495.00",Antimalarial  -- Injection
,Indart 60plus Inj.,Artesunate 60mg injection,"TSh 1,500.00","TSh 1,725.00",Antimalarial  -- Injection
,Indclav 625 tabs,Amoxyclav 625mg tabs,TSh 571.42,TSh 685.70,Antibiotic  -- Tablet
,Indclav suspension,Amoxyclav suspension,"TSh 5,500.00","TSh 6,875.00",Antibiotic
,INDOZEN 10×10 caps,Indomethacine 25mg caps,TSh 31.00,TSh 35.65,Antibiotic  -- Capsule
,Inflazone Oint 30gm,INFLAZONE 30gm,"TSh 2,100.00","TSh 2,415.00",Analgesic  -- Gel
,INFUMOX CV 100mls,Amoxcla 228mg/5mls syrup,"TSh 3,600.00","TSh 4,140.00",Antibiotic  -- Syrup
,INSULATED 1'S,Insulin inject lente,"TSh 13,500.00","TSh 15,390.00",consumable
,insulin syringe,,TSh 200.00,TSh 230.00,consumable
,INTACYCLINE skin,Tetracycline skin ointment,TSh 700.00,TSh 770.00,Antibiotic  -- Cream
,INTAMINE cream,INTAMINE cream,"TSh 1,040.00","TSh 1,196.00",Antihistamine  -- Unspecified
,IRICAM 10x10,Piroxicam 20mg caps P,TSh 24.00,TSh 27.60,Analgesic  -- Capsule
,IROCIN 15GM ointment,Mupirocin ointment,"TSh 4,300.00","TSh 4,730.00",
,Isoryn nasal drop-adult,ephedrine hydrochloride1% nasal drop-adult,"TSh 1,650.00","TSh 1,815.00",Respiratory  -- Unspecified
,Isoryn nasal drop-pediatric,ephedrine hydrochloride1% nasal drop-pediatric,"TSh 1,650.00","TSh 1,815.00",Respiratory
,ISOTRETINOIC 10MG CAP,,"TSh 22,000.00",TSh 843.33,Vitamin / Supplement
,ISOTRETINOIC 10MG CAP,ISOTRETINOIC,"TSh 22,000.00","TSh 25,300.00",Vitamin / Supplement
,Iv mannitol 100mls,Iv mannitol 100mls,"TSh 4,000.00","TSh 4,600.00",consumable
,JOINT,JOINT ON,TSh 433.33,TSh 546.00,Vitamin / Supplement
,JOINT ON,GLUCOSAMINE AND CHONDROITIN,"TSh 13,000.00","TSh 14,950.00",Vitamin / Supplement
,Junior care syrup,Junior care syrup,"TSh 1,900.00","TSh 2,185.00",Respiratory  -- Syrup
,KAIMET INJ,Metronidazole inj,TSh 850.00,TSh 977.50,Antibiotic
,KAMAGRA 100 tab,Sildenafil 100mg tab,"TSh 1,400.00","TSh 1,610.00",Antihypertensive  -- Tablet
,KAMAGRA 50 tab,Sildenafil 50mg tab,TSh 880.00,"TSh 1,012.00",Antihypertensive  -- Tablet
,KANDICIDE -V CREAM,Clotrimazole 2% vaginal cream,"TSh 1,250.00","TSh 1,375.00",Antifungal
,Kelymox suspension,Amoxicillin suspension,TSh 990.00,"TSh 1,188.00",Antibiotic  -- Suspension
,KEMOXYL syrup,Amoxycillin syrup 100ml,TSh 825.00,TSh 990.00,Antibiotic  -- Syrup
,KETOMUSC 30gm gel,Ketoprofen 2.5% gel,"TSh 3,700.00","TSh 4,200.00",Analgesic
,KINHEAL 10gm cream,Compound ketoconazole cream,"TSh 2,310.00","TSh 2,440.00",Antifungal  -- Cream
,Kiss,Condom,TSh 444.00,TSh 492.84,consumable
,Kly gel,Kly gel,"TSh 4,200.00","TSh 4,830.00",consumable  -- Gel
,KOACT 625mg 2x7,Amoxclav 625mg tabs,TSh 300.00,TSh 330.00,Antibiotic  -- Tablet
,KOFLYN JUNIOR SYRUP,Koflyn Junior syrup,"TSh 1,250.00","TSh 1,438.00",Respiratory  -- Syrup
,Kofol Syrup SF 100ml,Kofol cough syrup,"TSh 1,600.00","TSh 1,840.00",Respiratory  -- Syrup
,LABSTATIN 30ml,Nystatin oral suspension,"TSh 1,395.00","TSh 1,604.25",Antibiotic  -- Suspension
,Lactease soln,lactulose syrup,"TSh 3,600.00","TSh 4,140.00",Antacid / GI  -- Unspecified
,LAEFIN 1x2 tabs,Laefin (Sulfadoxin/pyrimetham),TSh 425.00,TSh 489.00,Antimalarial  -- Tablet
,Lanomycin inj,Amikacin 500mg/2ml inj,"TSh 10,000.00","TSh 11,500.00",Antibiotic  -- Injection
,Lanpro 30mg 20's 2x10,Lansoprazole 30mg caps,TSh 145.00,TSh 166.75,Antacid / GI  -- Unspecified
,LARTEM (ALU 24),Artimether Lumefantrine tabs-24,TSh 900.00,"TSh 1,035.00",Antimalarial  -- Tablet
,Lartem 12 tabs,Artimether Lumefantrine tabs,TSh 850.00,TSh 978.00,Antimalarial  -- Tablet
,LARTEM 18,Artemether20mg+lumefantrine120mg tabs,TSh 900.00,"TSh 1,035.00",Antimalarial  -- Tablet
,LARTEM 3x6,Alu(lartem 20mg/120mg) tabs,TSh 43.89,TSh 54.86,Antimalarial  -- Tablet
,LAVY PADS 290mm,Lavypads 290mm,"TSh 2,700.00","TSh 2,970.00",consumable
,LECOTRIM 100MLS,Cotrimoxazole susp,TSh 900.00,"TSh 1,035.00",Antibiotic  -- Suspension
,LEVAMISOLE SYRUP VUMTREX 30MLS,,"TSh 1,300.00","TSh 1,495.00",Antiparasitic
,LIDOLIN 30gm gel,Lidocaine gel,"TSh 2,900.00","TSh 3,335.00",Analgesic  -- Gel
,LIGNOCAIN,Lignocain inj,"TSh 1,650.00","TSh 1,495.00",Analgesic
,LINCODERM 15gm,Lincoderm cream small,"TSh 1,800.00","TSh 2,070.00",Antifungal  -- Cream
,Lincoderm cream,"betamethasone,gentamycin.tolnaftate+ clioqinol cream","TSh 2,550.00","TSh 2,705.00",Antifungal  -- Cream
,LINCOSONE CREAM,lincosone cream 10gm,"TSh 1,500.00","TSh 1,725.00",Antifungal  -- Cream
,Lonart DS,Artemether80mg+lumefantrine480mg,"TSh 2,600.00","TSh 2,990.00",Antimalarial  -- Tablet
,Loperium tab,loperamide hydrochloride 2mg tab,TSh 950.00,"TSh 1,092.50",Antacid / GI  -- Tablet
,LOSA TABS,Losatarn 50mg tab,TSh 60.00,TSh 68.40,Antihypertensive  -- Tablet
,LOSAKIND 50mg 30's tabs,Losatarn 50mg tab,TSh 83.33,TSh 95.83,Antihypertensive  -- Tablet
,LOSAKIND H 30's tabs,Losatarn+hydrochlorothiazide tab,TSh 113.33,TSh 130.33,Antihypertensive  -- Tablet
,LUMERAX 1x6 tabs,Alu (Lumerax 80/480),TSh 416.67,TSh 479.17,Antimalarial  -- Tablet
,M Cam 15mg 10x10,Meloxicam 15mg tabs,TSh 95.00,TSh 109.25,Analgesic  -- Tablet
,M CAM 7.5mg 10x10,Meloxicam 7.5mg tabs,TSh 105.00,TSh 120.75,Analgesic  -- Tablet
,M-DOPAKANT 250,Methyldopa 250mg tab,"TSh 11,200.00","TSh 12,320.00",Antihypertensive  -- Tablet
,M-KAST 3×10 tabs,Montelukast 5mg tabs,TSh 185.00,TSh 207.20,Respiratory  -- Tablet
,MAGNOMIT,Magnessium 250mg tab,TSh 15.80,TSh 17.50,Antacid / GI  -- Tablet
,MALAFIN 1x2 tabs,Malafin (sulfamethox-Pyrimethy),TSh 340.00,TSh 391.00,Antimalarial  -- Tablet
,MAMA DELIVERY KIT,Mama delivery kit,"TSh 12,500.00","TSh 14,375.00",consumable
,MAMA DELIVERY KIT NEEMA'S,NEEMA'S DELIVERY KIT,"TSh 14,500.00","TSh 16,675.00",consumable
,MCARDIA-10 3x10,Amlodipine 10mg tabs,TSh 39.00,TSh 44.83,Antihypertensive  -- Tablet
,MEBENDAZOLE 100MG TABS MEBFIL 10*10,,"TSh 2,650.00","TSh 3,049.00",Antiparasitic
,MEBO OINTMENT 15GM,mebo ointment topical15gm,"TSh 19,700.00","TSh 22,655.00",Antihistamine
,MEBO OINTMENT 30gm,mebo ointment topical 30gm,"TSh 23,500.00","TSh 27,025.00",Antihistamine
,Medicloap suspension,Ampiclox suspension,"TSh 1,000.00","TSh 1,200.00",Antibiotic  -- Suspension
,MEDIPLASTER,ADHESIVE WOUND PLASTER 10'S,"TSh 2,700.00","TSh 3,105.00",consumable
,MEDIVIN 15gm,Betamethasone ointment,TSh 950.00,"TSh 1,520.00",Corticosteroid  -- Ointment
,MEDIVINE 15gm,Betamethasone cream,TSh 895.00,"TSh 1,029.00",Corticosteroid  -- Unspecified
,MEDOCRIPTINE 2.5mg,Bromocriptine 2.5mg tab,TSh 496.67,TSh 571.17,Oxytocic / Gynaecology  -- Tablet
,MEDOPHARM 10X10,Cotrimoxazole tabs,TSh 35.00,TSh 38.50,Antibiotic  -- Tablet
,MEFTAL 250MG 10×10 tabs,Mefenamic acid 250mg tab,TSh 499.00,TSh 573.90,Analgesic  -- Tablet
,MEFTAL SPAS 60s,Mefenamic acid + dicyclomine tablets,TSh 4.44,TSh 293.33,Analgesic  -- Tablet
,MEGA DUOCETZ TABS,Mega Duocetz tabs,"TSh 14,900.00","TSh 17,135.00",Analgesic  -- Tablet
,Mega Enat cream 50gm,Enat cream 50gm,"TSh 25,000.00","TSh 28,750.00",Antifungal  -- Cream
,MEGA KIDDZ,Omega syrup 100mls,"TSh 15,000.00","TSh 17,250.00",Vitamin / Supplement  -- Syrup
,MEGA NAT C TABS,Nat C 1000mg tab,"TSh 25,000.00","TSh 28,750.00",Vitamin / Supplement
,MEGA OMEFLEX TABS,Mega omeflex tabs,"TSh 15,500.00","TSh 17,825.00",Vitamin / Supplement  -- Tablet
,MEGA OSTEOMIN TABS,Mega OSTEOMIN tabs,"TSh 35,000.00","TSh 40,250.00",Vitamin / Supplement  -- Tablet
,MEGA PRENATAL CAPS,Prenatal caps,"TSh 13,900.00","TSh 15,985.00",Vitamin / Supplement  -- Capsule
,Mentho plus/Emami rub,mentho plus,TSh 693.00,TSh 796.95,Antihistamine  -- Unspecified
,MENTHODEX 100mls,Menthodex syrup small,"TSh 6,250.00","TSh 7,187.50",Respiratory  -- Syrup
,Merepenem 1gm  injection,Merogram injectio,"TSh 8,350.00","TSh 9,602.50",Antibiotic
,Merepenem 1gm  injection,,"TSh 8,350.00","TSh 9,602.50",Antibiotic
,METFORMIN 500MG (M-FORLIN),,"TSh 2,400.00","TSh 2,760.00",Cardiovascular
,methylated spirit 100ml,methylated spirit 100ml,TSh 495.00,TSh 499.95,consumable  -- Unspecified
,methylated spirit 1litre,methylated spirit 1litre,"TSh 3,200.00","TSh 4,000.00",consumable  -- Unspecified
,Metrogyl -topical gel,metronidazole gel,"TSh 3,290.00","TSh 3,783.50",Antibiotic  -- Gel
,Metrogyl-200 10×10 tabs,Metronidazole Bp 200 mg Tablets,TSh 18.50,TSh 20.35,Antibiotic  -- Tablet
,METROGYL-DENTAL 20GM,Metronidazole dental gel,"TSh 3,290.00","TSh 3,784.00",Antibiotic
,METRONIDAZOLE IV METROGY 100MLS,,TSh 800.00,TSh 920.00,Antiparasitic
,Metswift 500,Metformin 500mg tab,"TSh 2,700.00","TSh 2,970.00",Antidiabetic
,Mezacar tabs,Carbamazepine 200mg tabs,TSh 93.00,TSh 106.95,Psychotropic
,MICOR Oral gel 30gm,miconazole oral gel,"TSh 2,000.00","TSh 2,300.00",Antifungal  -- Gel
,MIFUPEN 2X50,Mifupen tabs,TSh 60.00,TSh 75.00,Analgesic  -- Tablet
,MISO-CIPLA 4's,Misoprostol 200mcg tabs,"TSh 3,327.00","TSh 3,826.05",Oxytocic / Gynaecology  -- Tablet
,MIXTARD NOVO 1'S,Insulin MIXTARD 30/70,"TSh 13,500.00","TSh 15,390.00",consumable
,MOMATE 15GM CREAM,Mometasone cream 15gm,"TSh 11,500.00","TSh 13,225.00",Analgesic
,MOXYL 100mls,Amoxycillin Susp KE,TSh 850.00,TSh 978.00,Antibiotic  -- Suspension
,MUCOGEL,Mucogel suspension,"TSh 3,200.00","TSh 3,750.00",Antacid / GI  -- Unspecified
,Mucolyn adult syrup,Mucolyn adult syrup,"TSh 1,500.00","TSh 1,680.00",Respiratory  -- Syrup
,Mucolyn pediatric syrup,mucolyn pediatric syrup,"TSh 1,500.00","TSh 1,680.00",Respiratory  -- Syrup
,MULTIVITAMIN MVIT 10X10,MULTIVITAMIN,"TSh 7,500.00","TSh 8,625.00",Vitamin / Supplement
,MUSCLE PLUS 2x10,Muscle plus tabs,TSh 148.50,TSh 149.50,Analgesic  -- Tablet
,MUVERA 15mg 10×10 tabs,Meloxicam 15mg tab,TSh 200.00,TSh 230.00,Analgesic  -- Tablet
,Muvera 7.5mg 10×10 tabs,Meloxicam 7.5mg tab,TSh 22.30,TSh 25.65,Analgesic  -- Tablet
,Myclav 228.5mg Sus 70ml,Amoxyclav 228.5mg suspension,"TSh 4,800.00","TSh 5,520.00",Antibiotic  -- Suspension
,Myclav 625mg 14's 2x7,Amoxyclav 625mg tabs,"TSh 4,750.00",TSh 369.64,Antibiotic  -- Tablet
,Nat B caps,high potency vitamin b tab,TSh 373.67,TSh 411.03,Vitamin / Supplement  -- Capsule
,NAT B FORT tab 30'S,NAT B FORT tabs 30's,"TSh 24,500.00","TSh 28,175.00",
,Nat D tab,Vitamin D3 (cholecalciferal 125ug),"TSh 18,500.00","TSh 21,275.00",
,Natoa syrup,mebendazole syrup,TSh 950.00,TSh 994.50,Antiparasitic  -- Suspension
,Natoa tabs,mebendazole 100mg tabs,"TSh 2,650.00","TSh 2,915.00",Antiparasitic  -- Tablet
,NAUMA GEL 20gm,Diclofenac gel (Nauma gel),"TSh 1,550.00","TSh 1,783.00",Analgesic  -- Gel
,NEOSAFE COTTON WOOL 200GM,COTTON WOOL 200GM,"TSh 1,700.00","TSh 1,955.00",consumable
,Neuroton tabs,Neuroton tab,TSh 390.00,TSh 409.50,Vitamin / Supplement  -- Tablet
,NGT 16 1's,Nasogastric feeding tube,TSh 750.00,TSh 840.00,consumable
,NGT 18 1's,Nasogastric feeding tube,TSh 750.00,TSh 855.00,consumable
,NGT 4 1's,Nasogastric feeding tube 4,TSh 750.00,TSh 855.00,consumable
,NGT 5 1's,Nasogastric feeding tube 5,TSh 750.00,TSh 855.00,consumable
,Nifelate 20mg tab,Nifedipine 20mg tab,TSh 76.00,TSh 91.80,Antihypertensive  -- Tablet
,NITAZOX SUSP(NITAZOXANIDE) NETAZOX SUSP 30MLS,,"TSh 6,000.00","TSh 6,900.00",Antiparasitic
,Nitofurantoin 10×10 tabs,nitrofurantoin 100mg tab,"TSh 6,000.00","TSh 6,900.00",Antibiotic  -- Tablet
,Njoi,sildenafil citrate 50mg tab,TSh 400.00,TSh 460.00,Antihypertensive  -- Tablet
,Nor-T tab,Norfloxacillin+Tinidazole tabs,"TSh 1,800.00","TSh 1,897.50",Antibiotic  -- Tablet
,Normax 400mg,Norfloxacillin 400mg tab,"TSh 2,050.00","TSh 2,357.50",Antibiotic  -- Tablet
,NOSIC 3×10 tabs,Doxylamine succinate10mg+pyrodoxine hydrochloride 10mg tab,TSh 220.00,TSh 242.00,Antacid / GI  -- Tablet
,Novaphex 250mg cap,Cephalexin 250mg caps,TSh 64.00,TSh 80.00,Antibiotic
,NS,Sodium Chloride Intravenous Infusion 0.9%,"TSh 1,000.00","TSh 1,121.00",consumable  -- Injection
,Nystatin oral,Nystatin oral,"TSh 1,300.00","TSh 1,495.00",Antifungal
,OCUCYCLINE eye ointment,Tetracycline hydrochloride 1% eye ointment,TSh 790.00,TSh 908.00,Ophthalmic
,Ocumycin Eye Oint 5gm,Chloramphenicol 1% eye ointment,TSh 700.00,TSh 805.00,Ophthalmic  -- Unspecified
,OD-TAM 0.4mg caps,Tamsulosin 4mg cap,TSh 300.00,TSh 345.00,Corticosteroid
,ODIMONT 3×10 tabs,Montelukast 10mg tabs,TSh 220.00,TSh 253.00,Respiratory  -- Tablet
,OLANDUS 1×10 tabs,Olanzapine 5mg tab,TSh 305.00,TSh 350.75,Antihypertensive  -- Tablet
,OLMAC 10 3×10 tabs,Olanzapine 10mg tab,TSh 528.00,TSh 603.75,Antihypertensive  -- Tablet
,OLOLINK eye drop,Olopatadine hydrochloride eye drop,"TSh 5,400.00","TSh 5,940.00",Antibiotic
,OMESK 20mg 10×10 caps,Omeprazole 20mg caps,TSh 27.50,TSh 30.25,Antacid / GI  -- Unspecified
,ONCET TABS,Cetrizene hydrochloride 10mg tab,TSh 20.00,TSh 23.00,Antihistamine  -- Tablet
,ORAL REHYDRATION SALTS,,TSh 220.00,TSh 253.00,Antacid / GI
,ORODAR 1x3 tab,"ORODAR (Sulfadoxin,Pyrimethamin)",TSh 583.33,TSh 670.83,Antimalarial  -- Tablet
,osteovia,GLUCOSAMINE AND CHONDROITIN,"TSh 9,900.00","TSh 11,385.00",Vitamin / Supplement
,OSTEVIA 30'S,Glucosamine+choudritin,TSh 316.67,TSh 364.17,Vitamin / Supplement
,Ovamit,clomifene 50mg tab,TSh 550.00,TSh 605.00,Oxytocic / Gynaecology  -- Tablet
,p2,levonorgestrel 0.75mg tab,"TSh 1,300.00","TSh 1,430.00",Oxytocic / Gynaecology  -- Tablet
,Pa 12 1x12 tabs,Paracetamol 1000gm sustained r,TSh 241.67,TSh 302.08,Analgesic  -- Tablet
,PANADOL ADVANCE 10×10 tabs,Paracetamol,TSh 59.80,TSh 68.77,Analgesic  -- Tablet
,PANADOL EXTRA TABS,,TSh 108.00,TSh 124.20,Analgesic
,PANTOCOD 5×10 tab,Pantoprazole 40mg tab,TSh 450.00,TSh 517.50,Antacid / GI  -- Tablet
,PANTONEX DR-40mg tab,Pantoprazole 40mg tab,TSh 113.33,TSh 130.33,Antacid / GI  -- Tablet
,Paracetamol 1000gm sustained suppository,Paracetamol 1000gm suppository,"TSh 2,900.00","TSh 3,335.00",Analgesic  -- Suppository
,PARAKANT 10x10,Paracetamol 500mg tabs,TSh 11.00,TSh 13.75,Analgesic  -- Tablet
,PATMAC inj,Pantoprazole 40mg injection,"TSh 2,000.00","TSh 2,300.00",Antacid / GI  -- Injection
,PENADUR-benzathine penicillin,PENADUR-benzathine penicillin,TSh 700.00,TSh 747.50,Antibiotic  -- Injection
,PERINORM,Metoclopramide injection,"TSh 3,050.00",TSh 355.00,Antacid / GI  -- Injection
,PERSOL 5% 20GM,,"TSh 3,700.00","TSh 4,255.00",Dermatological
,PHAMACOFF-P 60ML,Phamacoff-p (dextromethorphan),"TSh 1,450.00","TSh 1,812.50",Respiratory  -- Syrup
,PHAMDOL 10×10 caps,Tramadol 50mg caps,TSh 51.00,TSh 58.65,Analgesic  -- Capsule
,PHARMACROM 10mls,Sodium cromoglycate eye drop,"TSh 1,750.00","TSh 2,012.00",Antibiotic
,Pharmactine syrup,cyproheptadine hydrochloride syrup,"TSh 2,100.00","TSh 2,415.00",Vitamin / Supplement  -- Syrup
,PHARMADEXGENT drop,dexamethasone+gentamycin eye/ear drop,"TSh 1,400.00","TSh 1,610.00",Ophthalmic  -- Drops
,PHARMAGENTACIN eye/ear drop,Gentamicin eye/ear drop,TSh 450.00,TSh 495.00,Antibiotic
,PHARMATIMOL 0.5% drop,Timolol 0.5% drop,"TSh 1,540.00","TSh 1,771.00",Ophthalmic  -- Drops
,Phenobarbital tabs,Phenobarbital tabs,TSh 30.00,TSh 34.50,Psychotropic
,PIOSAFE 3×10 tabs,Pioglitazone 30mg tabs,TSh 300.00,TSh 345.00,Antidiabetic  -- Tablet
,PIPZO 1'S inj,Piperacilin+tazoba 4.5mg injection,"TSh 8,300.00","TSh 9,296.00",Vitamin / Supplement  -- Injection
,PIRITON,Chlorphenamine 100s,TSh 14.50,TSh 16.68,Respiratory
,PLASTER 5C,,"TSh 1,400.00","TSh 1,610.00",consumable
,Plaster of paris 10cm,POP 10cm,TSh 900.00,TSh 937.50,consumable
,Plaster of paris 15cm,POP 15cm,"TSh 1,150.00","TSh 1,265.00",consumable
,Plone 5 tablet,Prednisone 5mg tablet,TSh 17.00,TSh 19.55,Antihistamine  -- Tablet
,povidone 100ml,povidone iodine,"TSh 1,350.00","TSh 1,495.00",Antibiotic  -- Unspecified
,power glucose 80gm,power glucose 80gm,TSh 420.00,TSh 490.00,consumable  -- Unspecified
,PREDICT FERTILE DAYS TEST,OVULATION TEST,"TSh 8,200.00","TSh 9,430.00",consumable
,PREDINISOLONE,PREDINISOLONE EYE DROP,"TSh 1,630.00","TSh 1,874.50",Ophthalmic
,PREDIOLONE 10×10 tabs,prednisolone 5mg tab,TSh 18.00,TSh 20.70,Antihistamine  -- Tablet
,PREGASAFE 150,Pregaballin 150mg tab,TSh 450.00,TSh 495.00,Antidiabetic
,PREGASAFE 75,Pregaballin 75mg caps,TSh 100.00,TSh 115.00,Psychotropic  -- Capsule
,PRESARTAN 50/12.5mg tab,Losatarn+hydrochlorothiazide tab,TSh 113.33,TSh 130.33,Antihypertensive  -- Tablet
,Pricostat cream,clotrimazole 2% cream,TSh 500.00,TSh 575.00,Antifungal  -- Cream
,PRIMOLUT N 5MG TAB,Norethisterone 5mg tab,TSh 816.67,TSh 839.17,Oxytocic / Gynaecology  -- Tablet
,Prinacol suspension,chloramphenicol suspension,"TSh 1,600.00","TSh 1,800.00",Antibiotic  -- Suspension
,PRINAGYL Syrup,metronidazole syrup,TSh 950.00,"TSh 1,225.00",Antibiotic  -- Syrup
,PRINALYN ADUL 10mls,Prinalyne Adult syr (Diphenylhy),"TSh 1,100.00","TSh 1,375.00",Antihistamine  -- Syrup
,prinalyn paediatric syrup,diphenhydramine hydrochloride syrup,"TSh 1,100.00","TSh 1,215.00",Antihistamine  -- Syrup
,PRINAQUIN SYRUP,Quinine syrup 50mg/5ml,"TSh 1,650.00","TSh 2,145.00",Antimalarial  -- Suspension
,PRINATRIM 100MLS,Cotrimoxazole susp,TSh 890.00,TSh 979.00,Antibiotic  -- Suspension
,PROBETA N,BETAMETHASONE EYE 7.5MLS,"TSh 1,470.00","TSh 1,690.50",
,Promethazine inj,promethazine inj,TSh 380.00,TSh 472.50,Antihistamine
,PROMETHAZINE ORAL SUSPENSION 100ML,PROMETHAZINE,"TSh 1,700.00","TSh 1,955.00",Analgesic
,PROMETHAZINE TABS 25MG,,TSh 35.00,TSh 40.25,Psychotropic
,PROTONIX inj,Pantoprazole 40mg injection,"TSh 1,800.00","TSh 2,070.00",Antacid / GI  -- Injection
,RABELOC 20mg tab,Rabeprazole 20mg tab,TSh 250.00,TSh 275.00,Antacid / GI  -- Tablet
,RAMGIC,Tramadol 50mg/2ml ampule,"TSh 6,500.00","TSh 7,475.00",Analgesic  -- Injection
,RB TONE syrup,"iron,vitamin B complex, vitamin C syrup","TSh 5,400.00","TSh 5,940.00",Vitamin / Supplement  -- Syrup
,REDMINTIN 100mls,Amoxclav 228mg/5ml syrup,"TSh 3,900.00","TSh 4,290.00",Antibiotic  -- Syrup
,REDMINTIN 2x7,Amoxclav 625mg tabs,"TSh 3,800.00",TSh 295.71,Antibiotic  -- Tablet
,RELAXO 30g,Diclofenac gel 30gm,TSh 650.00,TSh 747.00,Analgesic  -- Gel
,Relcer gel 100ml syrup,"alminiumhydroxide, magnesiumhydroxide, sulphates syrup","TSh 1,400.00","TSh 1,540.00",Antacid / GI  -- Unspecified
,Relcer gel 180ml syrup,"alminiumhydroxide, magnesiumhydroxide, sulphates syrup","TSh 2,900.00","TSh 3,320.00",Antacid / GI  -- Unspecified
,REPACE H 3x10 tabs,"Repace H (Losartan, hydrochlorot)",TSh 510.00,TSh 561.00,Antihypertensive  -- Tablet
,RL,Compound Sodium Lactate Infusion Bp 0.32g/100 ml Solution For Infussi,"TSh 1,000.00","TSh 1,150.00",consumable  -- Injection
,ROHISOL Syrup,levamisole syrup,TSh 900.00,"TSh 1,035.00",Antiparasitic  -- Suspension
,ROSUVASTATIN 20MG TAB,ROSUVASTATIN,"TSh 9,500.00","TSh 10,925.00",Antihypertensive
,Roughrider,roughrider condom,"TSh 2,650.00","TSh 2,915.00",consumable  -- Unspecified
,Sac 1gm,Secnidazole 1gm tab,TSh 950.00,"TSh 1,045.00",Antiparasitic
,SAFETELMI H 40/12.5,Telmisatarn 40mg + hydrochlorothiazide 12.5mg tab,"TSh 2,733.33","TSh 3,143.33",Antihypertensive  -- Tablet
,SAFETELMI H 80/12.5,Telmisatarn 80mg + hydrochlorothiazide 12.5mg tab,"TSh 2,400.00","TSh 2,760.00",Antihypertensive  -- Tablet
,safety syringe box,safety syringe box,"TSh 1,500.00","TSh 1,725.00",consumable
,Safi cream,"triamsinolone acetonide, econazole, gentamycin sulphate cream","TSh 2,750.00","TSh 3,100.00",Antifungal  -- Cream
,SALBUTAMOL  RESPULES 4X5 2.5MLS,ASTHALIN,"TSh 21,262.00","TSh 23,286.35",Respiratory
,SALBUTAMOL NEBULIZER RESPULES 4X5 2.5ML,SALBUTAMOL RESPULES,"TSh 21,262.00","TSh 24,451.30",Respiratory
,SALBUZEN,salbutamol 4mg tab,TSh 15.00,TSh 17.25,Respiratory  -- Tablet
,SALIMIA 60mls,Salimia liniment soln,"TSh 2,870.00","TSh 3,157.00",Analgesic  -- Gel
,SAMSON 1'S,Arm sling tropical pouch,"TSh 8,800.00","TSh 9,856.00",consumable
,Sancef syrup,Cefalexin syrup,"TSh 1,600.00","TSh 1,760.00",Antibiotic  -- Syrup
,SANDROX 100mls,Cefadroxil Suspension,"TSh 4,200.00","TSh 4,620.00",Antibiotic  -- Suspension
,SANDROX 1x10,Cefadroxil 500mg caps,TSh 325.00,TSh 357.50,Antibiotic  -- Capsule
,SANTRIAX inj,Ceftriaxone 1gm injection,TSh 670.00,TSh 770.50,Antibiotic  -- Injection
,SCABOMA CREAM 25GM,,"TSh 3,100.00","TSh 3,565.00",Dermatological
,SCALP VEIN BLUE  23G,SCALP VEIN,TSh 170.00,TSh 195.50,consumable
,SCOTTS COD LIVER OIL EMULSION SCOTT ORANGE,CODLIVER,"TSh 6,500.00","TSh 7,475.00",Vitamin / Supplement
,SEDIKOF 100mls,"Sedikof (Dextrometh,Ephedrine)","TSh 1,650.00","TSh 1,850.00",Respiratory  -- Syrup
,SEDITON GREEN 100ml,Sediton cough linctus green,"TSh 1,950.00","TSh 2,242.50",Respiratory  -- Syrup
,SEDITON YELLOW 100mls,Sediton syrup yellow,"TSh 1,700.00","TSh 1,870.00",Antihistamine  -- Syrup
,SEROCORT INHALER - 125mg,Salmeterol+ fluticasone 125mg inhaler,"TSh 21,673.00","TSh 23,841.00",Respiratory
,SEROCORT INHALER -250MG,Salmeterol+ fluticasone 250mg inhaler,"TSh 23,212.00","TSh 25,534.00",Respiratory
,SHELADOL,paracetamol,TSh 15.00,TSh 17.25,Analgesic
,SHELADOL 100mls,Paracetamol Suspension,"TSh 1,050.00","TSh 1,312.50",Analgesic  -- Syrup
,SHELLYS 10X10,Chloramphenicol 250mg caps,TSh 77.00,TSh 84.70,Antibiotic  -- Capsule
,SHELTRIZINE 10×10 tabs,Cetrizene hydrochloride 10mg tab,TSh 12.00,TSh 13.80,Antihistamine  -- Tablet
,SHETRIM 10x10,Cotrimoxazole tabs,TSh 29.00,TSh 31.90,Antibiotic  -- Tablet
,SKIDERM 15GM,Skiderm cream small,"TSh 1,800.00","TSh 2,242.50",Antifungal  -- Cream
,SKIDERM BIG 30GM,SKIDERM,"TSh 2,150.00","TSh 2,656.50",Dermatological  -- Cream
,SKYTRIVIN 0.1% DROPS,Xylometa nasal drops,"TSh 2,800.00","TSh 3,136.00",Respiratory
,SKYTRIVIN PAEDIATRIC 10mls drops,Xylometa nasal drops 0.05%,"TSh 2,500.00","TSh 2,800.00",Respiratory
,SOLVIN SLN 100mls,Solvin (Bromhexine Elixir),"TSh 2,250.00","TSh 2,475.00",Respiratory  -- Syrup
,SONADERM 10gm,Sonaderm cream,"TSh 2,550.00","TSh 2,805.00",Antifungal  -- Cream
,SPAMCLOX 100MLS,Ampiclox susp india,"TSh 1,450.00","TSh 1,595.00",Antibiotic  -- Suspension
,SPAMOX 100mls,Amoxycillin susp 125/5mls,TSh 790.00,TSh 908.00,Antibiotic  -- Suspension
,SPAMOX-DT 10x10,Amoxycillin for oral 250mg,TSh 58.00,TSh 66.70,Antibiotic  -- Tablet
,SPASTYNIN Tab,Oxybutynin chloride 5mg tab,TSh 2.86,TSh 3.29,Antihypertensive  -- Tablet
,SPIROLONE 5X10,Spironolactone 25mg tabs,TSh 154.00,TSh 192.50,Antihypertensive  -- Tablet
,SPOTCLAV 2x10 tabs,Amoxclav 375mg tabs,TSh 340.00,TSh 391.00,Antibiotic  -- Tablet
,SPOTCLAV 2x7,Amoxclav 625mg tabs,TSh 271.43,TSh 298.57,Antibiotic  -- Tablet
,stool container,stool container,TSh 150.00,TSh 172.50,consumable  -- Unspecified
,STREPTOMYCIN 2GM INJECT,STREPTOMYCIN INJ,"TSh 18,900.00","TSh 21,735.00",Antibiotic
,SULBACTOMAX injection,Ceftriaxone+salbactam 5mg inj,"TSh 1,800.00","TSh 2,034.00",Antibiotic
,SULPHADAR 1x3 tabs,"Sulphadar (Sulfadoxn,pyrimetha)",TSh 233.33,TSh 256.67,Antimalarial  -- Tablet
,SULPHUR 25gm,Sulphur Ointment (ppt sulphur),TSh 850.00,TSh 935.00,Antiparasitic  -- Ointment
,SURGICAL BLADE 23G,SURGICAL BLADE 23G,"TSh 11,000.00","TSh 12,100.00",consumable  -- Unspecified
,SURGICAL GLOVES 7.5 KAICARE,SURGICAL GLOVES,TSh 380.00,TSh 437.00,consumable
,SWAZI-250 1x6,Azithromycin 250mg tabs,TSh 175.00,TSh 201.17,Antibiotic  -- Tablet
,SYXTEN 2% 100mls,Carbocisteine 2% syrup,"TSh 1,575.00","TSh 1,811.25",Respiratory  -- Syrup
,SYXTEN 5% 100mls,Carbocisteine 5% syrup,"TSh 1,650.00","TSh 1,815.00",Respiratory  -- Syrup
,TASONE 15GM,Betamethasone cream,TSh 990.00,"TSh 1,138.00",Corticosteroid  -- Unspecified
,TEARLIN 1% drop,Carmellose sodium 1% eye drop,"TSh 2,200.00","TSh 2,530.00",Ophthalmic  -- Drops
,TERMIDOL syrup,Ibuprofen+paracetamol syrup,"TSh 1,700.00","TSh 2,000.00",Analgesic  -- Syrup
,tetanus 0.5ml,,"TSh 3,500.00","TSh 4,025.00",
,Tetrashel 250 caps,Tetracycline 250mg cap,TSh 65.00,TSh 71.50,Antibiotic
,THEOCLAV SYRUP,Amoxyclav 228.5mg syrup,"TSh 2,900.00","TSh 3,335.00",Antibiotic  -- Syrup
,TINIZ 500 tabs,Tinidazole 500mg tab,TSh 330.00,TSh 363.00,Antibiotic
,TIZANIDINE 4MG TAB ROYSAN,TIZANIDINE 4MG,TSh 600.00,"TSh 6,900.00",Analgesic
,Toffplus 2×10 caps,Toffplus caps,TSh 200.00,TSh 230.00,Analgesic  -- Capsule
,Toras 3×10 tab,Rotasemide 5mg tab,TSh 41.00,TSh 51.25,
,Toto-mol syrup,paracetamol syrup,TSh 800.00,"TSh 1,020.00",Analgesic  -- Syrup
,TOTOLYN syrup 100ml,Totolyn (Dextromethorpha rn),"TSh 1,250.00","TSh 1,375.00",Respiratory  -- Syrup
,TRANEXAMIC ACID,TRANEXAMIC ACID INJ 500mg,"TSh 1,300.00","TSh 1,495.00",Cardiovascular
,Transilipo CV Cream,Clotrimazole 2% vaginal cream,"TSh 1,250.00","TSh 1,375.00",Antifungal  -- Cream
,TRIFIED 30mls syrup,Cetrizene hydrochloride syrup,TSh 990.00,"TSh 1,089.00",Antihistamine
,TRIODERM 15GM,Trioderm cream,"TSh 3,100.00","TSh 3,410.00",Antifungal  -- Cream
,TRUST LILY,Levonorgestrel+ethinylestradiol tab,TSh 700.00,TSh 805.00,Oxytocic / Gynaecology  -- Tablet
,UCIN 15gm,Hydrocortisone cream L,TSh 950.00,"TSh 1,092.50",Corticosteroid  -- Unspecified
,UNIPEN REGAL 10X10,Pen v 250mg tabs,TSh 44.00,TSh 50.60,Antibiotic  -- Tablet
,UPT,Upt,TSh 110.00,TSh 121.00,
,urine bag,urine bag,TSh 550.00,TSh 684.00,consumable  -- Unspecified
,urine container,urine container,TSh 150.00,TSh 172.50,consumable  -- Unspecified
,URINE DIPSTICK TEST,URINE DIPSTICK TEST,"TSh 18,000.00","TSh 21,600.00",consumable
,VACODIL 12.5 3X10,Carvedilol 12.5mg tabs,TSh 125.00,TSh 137.50,Antihypertensive  -- Tablet
,VALPARIN CHRONO 500,Sodium Valporate 500mg 100's,TSh 500.00,TSh 575.00,
,VALPARIN-200 ALKALETS,Sodium Valporate 200mg 100's,TSh 230.00,TSh 264.50,Psychotropic
,VICKS VAPOUR,Vicks vapour rub prince,TSh 800.00,TSh 920.00,consumable
,visking syrup,herbal cough syrup,"TSh 1,600.00","TSh 1,760.00",Respiratory  -- Syrup
,Vitacap caps,Vitacap caps,TSh 350.00,TSh 380.00,Vitamin / Supplement
,Vitamin B complex injection,Vitamin B complex injection,"TSh 1,200.00","TSh 1,380.00",Vitamin / Supplement  -- Injection
,Vitamin E cream,Vitamin E cream,"TSh 25,000.00","TSh 31,250.00",Vitamin / Supplement  -- Unspecified
,VIVIAN 50 10×10 tabs,Diclofenac sodium 50mg tabs,TSh 10.30,TSh 11.85,Analgesic  -- Tablet
,vivian gel,diclofenac+salicylate gel,"TSh 3,200.00","TSh 3,780.00",Analgesic  -- Gel
,Vivian Plus 10×10 tabs,paracetamol500mg+diclofenac500mg tab,TSh 76.00,TSh 83.60,Analgesic  -- Tablet
,VOLIN GEL 30GM,VOLIN GEL (Diclofenac gel),"TSh 3,300.00","TSh 4,125.00",Analgesic  -- Gel
,Vumtrex tabs,levamisole 40mg tabs,TSh 192.00,TSh 220.80,Antiparasitic  -- Tablet
,water for injection,water for inj,TSh 75.00,TSh 86.25,consumable  -- Unspecified
,Water guard 1×10 tabs,Water guard 7mg tab,TSh 52.00,TSh 59.80,
,whitefields jar,whitefields jar,TSh 600.00,TSh 720.00,Antifungal  -- Gel
,whitefields ointment,whitefields ointment,TSh 730.00,TSh 875.97,Antifungal  -- Gel
,WOMIBAN 400mg 1×1,Albendazole 400mg,TSh 380.00,TSh 418.00,Antiparasitic  -- Tablet
,WOODWARDS,Gripe water,"TSh 2,140.00","TSh 2,354.00",Vitamin / Supplement  -- Syrup
,WORMNIL syrup,mebendazole syrup,TSh 900.00,TSh 954.00,Antiparasitic  -- Suspension
,WORMNIL tabs,mebendazole 100mg tabs,TSh 330.00,TSh 354.00,Antiparasitic  -- Tablet
,XSONE N eye/ear drop,neomycinsulphate+dexamethasonesodium+phosphate drop,TSh 880.00,"TSh 1,012.00",Corticosteroid  -- Drops
,YMOX 100mls,Amoxycillin susp EL,TSh 850.00,TSh 978.00,Antibiotic  -- Suspension
,ZECUF HERBAL LOZENGES 4X4,ZECUF LOZ,"TSh 3,150.00","TSh 3,622.50",Vitamin / Supplement
,ZECUF HERBAL LOZENGES LEMON FLAVOUR,ZECUF LOZ,"TSh 3,150.00","TSh 3,622.50",Vitamin / Supplement
,Zecuf sugar free syrup,Zecuf sugar free syrup,"TSh 1,700.00","TSh 2,040.00",Respiratory
,Zecuf syrup,zecuf syrup,"TSh 1,900.00","TSh 2,185.00",Respiratory  -- Syrup
,Zenadol syrup,Paracetamol syrup,TSh 900.00,"TSh 1,062.00",Analgesic  -- Syrup
,Zenergy syrup,multivitamin syrup,"TSh 1,100.00","TSh 1,265.00",Vitamin / Supplement  -- Syrup
,ZENILYN SYRUP,Theophylline oral solution,"TSh 2,000.00","TSh 2,600.00",Respiratory  -- Syrup
,Zenkof syrup,zenkof syrup,"TSh 2,000.00","TSh 2,300.00",Respiratory  -- Syrup
,ZENTEL,Albendazole 400mg tab,"TSh 4,800.00","TSh 5,335.00",Antiparasitic  -- Tablet
,zentel syrup,Albendazole suspension,"TSh 5,100.00","TSh 5,814.00",Antiparasitic  -- Suspension
,ZINAVIR 500 1X10,Cefuroxime 500mg tabs,TSh 750.00,TSh 825.00,Antibiotic  -- Tablet
,Zinc oxide plaster 7.5cm,Zinc oxide plaster 7.5cm,"TSh 1,900.00","TSh 2,183.00",consumable
,ZOP 5cm,,"TSh 1,400.00","TSh 1,650.00",consumable
,Zop plaster 1.25cm,zinc oxide plaster,TSh 550.00,TSh 633.00,
,ZOP Plaster 2.5cm,,TSh 850.00,TSh 978.00,consumable
,Zop plaster 7.5cm,Zop plaster 7.5cm,"TSh 1,900.00","TSh 2,128.00",consumable
,ZOSEC,Omeprazole 20mg caps,TSh 79.00,TSh 78.20,Antacid / GI  -- Unspecified
                          Add to location                                                   Remove from location                                                                                                                                             ,                          Add to location                                                   Remove from location                                                                                                                                             ,                          Add to location                                                   Remove from location                                                                                                                                             ,                          Add to location                                                   Remove from location                                                                                                                                             ,                          Add to location                                                   Remove from location                                                                                                                                             ,                          Add to location                                                   Remove from location                                                                                                                                             